;Dte.;Nom Dte.;Barri;AEB;Any;Població;Naixements Total;Naixements Nens;Naixements Nenes;Defuncions Total;Defuncions Homes;Defuncions Dones;% Població sense estudis;% Població amb estudis obligatoris;% Població amb batxillerat superior o CFGM;% Població amb estudis universitaris o CFGS
0;1;Ciutat Vella;1. el Raval;-1;2016;47,129;;;;;;;2,5;55,1;18,0;22,7
1;1;Ciutat Vella;2. el Barri Gòtic;-1;2016;15,614;;;;;;;2,3;34,9;23,9;38,1
2;1;Ciutat Vella;3. la Barceloneta;-1;2016;15,021;;;;;;;4,7;48,1;20,5;25,6
3;1;Ciutat Vella;4. Sant Pere, Santa Caterina i la Ribera;-1;2016;22,306;;;;;;;2,5;35,9;22,6;37,7
4;2;Eixample;5. el Fort Pienc;-1;2016;31,653;;;;;;;1,9;32,5;27,2;37,0
5;2;Eixample;6. la Sagrada Família;-1;2016;51,322;;;;;;;2,5;34,9;26,4;35,0
6;2;Eixample;7. la Dreta de l'Eixample;-1;2016;43,644;;;;;;;1,3;21,6;26,2;49,5
7;2;Eixample;8. l'Antiga Esquerra de l'Eixample;-1;2016;41,854;;;;;;;1,6;24,5;27,3;45,4
8;2;Eixample;9. la Nova Esquerra de l'Eixample;-1;2016;57,648;;;;;;;1,7;29,7;27,3;40,1
9;2;Eixample;10. Sant Antoni;-1;2016;38,184;;;;;;;2,5;36,2;26,0;34,0
10;3;Sants-Montjuïc;11. el Poble Sec - AEI Parc Montjuïc;-1;2016;40,055;;;;;;;3,2;49,3;22,0;24,0
11;3;Sants-Montjuïc;12. la Marina del Prat Vermell - AEI Zona Franca;-1;2016;1,143;;;;;;;6,5;75,4;11,2;5,2
12;3;Sants-Montjuïc;13. la Marina de Port;-1;2016;30,385;;;;;;;4,1;56,9;23,1;14,0
13;3;Sants-Montjuïc;14. la Font de la Guatlla;-1;2016;10,302;;;;;;;3,4;41,4;25,3;28,4
14;3;Sants-Montjuïc;15. Hostafrancs;-1;2016;15,889;;;;;;;2,9;43,5;24,0;28,3
15;3;Sants-Montjuïc;16. la Bordeta;-1;2016;18,512;;;;;;;3,6;47,0;25,9;22,2
16;3;Sants-Montjuïc;17. Sants - Badal;-1;2016;23,906;;;;;;;3,8;46,6;24,5;23,7
17;3;Sants-Montjuïc;18. Sants;-1;2016;40,785;;;;;;;3,1;39,9;25,2;30,5
18;4;Les Corts;19. les Corts;-1;2016;45,932;;;;;;;1,9;28,1;27,7;41,0
19;4;Les Corts;20. la Maternitat i Sant Ramon;-1;2016;23,848;;;;;;;2,6;32,1;27,0;37,0
20;4;Les Corts;21. Pedralbes;-1;2016;11,862;;;;;;;0,5;17,7;28,5;50,9
21;5;Sarrià-Sant Gervasi;22. Vallvidrera, el Tibidabo i les Planes;-1;2016;4,632;;;;;;;1,9;25,4;28,8;41,2
22;5;Sarrià-Sant Gervasi;23. Sarrià;-1;2016;24,799;;;;;;;1,1;19,5;27,7;49,4
23;5;Sarrià-Sant Gervasi;24. les Tres Torres;-1;2016;16,473;;;;;;;0,5;14,9;30,6;51,7
24;5;Sarrià-Sant Gervasi;25. Sant Gervasi - la Bonanova;-1;2016;25,665;;;;;;;0,8;18,7;30,5;48,2
25;5;Sarrià-Sant Gervasi;26. Sant Gervasi - Galvany;-1;2016;47,089;;;;;;;0,6;17,3;29,9;50,2
26;5;Sarrià-Sant Gervasi;27. el Putxet i el Farró;-1;2016;29,368;;;;;;;1,0;19,8;29,4;48,0
27;6;Gràcia;28. Vallcarca i els Penitents;-1;2016;15,591;;;;;;;2,3;30,1;27,6;38,6
28;6;Gràcia;29. el Coll;-1;2016;7,391;;;;;;;3,1;39,4;27,2;28,9
29;6;Gràcia;30. la Salut;-1;2016;13,118;;;;;;;1,9;29,7;27,8;39,2
30;6;Gràcia;31. la Vila de Gràcia;-1;2016;50,584;;;;;;;2,2;29,0;25,2;42,5
31;6;Gràcia;32. el Camp d'en Grassot i Gràcia Nova;-1;2016;34,234;;;;;;;2,1;30,4;27,6;38,7
32;7;Horta-Guinardó;33. el Baix Guinardó;-1;2016;25,547;;;;;;;3,4;37,4;27,7;30,1
33;7;Horta-Guinardó;34. Can Baró;-1;2016;8,965;;;;;;;4,2;44,1;25,0;25,2
34;7;Horta-Guinardó;35. el Guinardó;-1;2016;36,136;;;;;;;3,0;39,6;28,2;27,9
35;7;Horta-Guinardó;36. la Font d'en Fargues;-1;2016;9,4;;;;;;;2,6;37,6;28,4;29,6
36;7;Horta-Guinardó;37. el Carmel;-1;2016;31,355;;;;;;;6,4;59,2;21,0;11,6
37;7;Horta-Guinardó;38. la Teixonera;-1;2016;11,277;;;;;;;5,3;54,9;23,1;15,2
38;7;Horta-Guinardó;39. Sant Genís dels Agudells;-1;2016;6,725;;;;;;;6,6;49,3;23,7;18,6
39;7;Horta-Guinardó;40. Montbau;-1;2016;5,053;;;;;;;7,2;43,1;25,4;22,8
40;7;Horta-Guinardó;41. la Vall d'Hebron;-1;2016;5,686;;;;;;;2,9;39,2;26,7;29,2
41;7;Horta-Guinardó;42. la Clota;-1;2016;583,0;;;;;;;4,4;45,2;22,1;26,3
42;7;Horta-Guinardó;43. Horta;-1;2016;26,541;;;;;;;4,8;46,2;26,2;21,4
43;8;Nou Barris;44. Vilapicina i la Torre Llobeta;-1;2016;25,508;;;;;;;4,3;47,4;25,7;21,3
44;8;Nou Barris;45. Porta;-1;2016;24,519;;;;;;;5,8;52,9;23,8;16,0
45;8;Nou Barris;46. el Turó de la Peira;-1;2016;15,364;;;;;;;6,9;55,7;22,8;12,9
46;8;Nou Barris;47. Can Peguera;-1;2016;2,258;;;;;;;6,3;65,6;17,6;8,0
47;8;Nou Barris;48. la Guineueta;-1;2016;15,043;;;;;;;5,2;51,5;24,5;17,3
48;8;Nou Barris;49. Canyelles;-1;2016;6,923;;;;;;;5,4;62,4;19,0;11,4
49;8;Nou Barris;50. les Roquetes;-1;2016;15,398;;;;;;;6,0;66,6;17,4;7,9
50;8;Nou Barris;51. Verdun;-1;2016;12,26;;;;;;;6,6;61,6;19,5;10,5
51;8;Nou Barris;52. la Prosperitat;-1;2016;26,167;;;;;;;7,1;59,0;21,0;11,3
52;8;Nou Barris;53. la Trinitat Nova;-1;2016;7,257;;;;;;;7,2;67,2;16,5;6,9
53;8;Nou Barris;54. Torre Baró;-1;2016;2,791;;;;;;;4,9;69,7;14,6;8,0
54;8;Nou Barris;55. Ciutat Meridiana;-1;2016;10,041;;;;;;;4,4;71,4;15,8;6,2
55;8;Nou Barris;56. Vallbona;-1;2016;1,352;;;;;;;6,9;69,2;12,9;8,2
56;9;Sant Andreu;57. la Trinitat Vella;-1;2016;10,032;;;;;;;4,5;66,6;17,6;9,1
57;9;Sant Andreu;58. Baró de Viver;-1;2016;2,507;;;;;;;5,1;72,8;14,3;5,1
58;9;Sant Andreu;59. el Bon Pastor;-1;2016;12,589;;;;;;;4,3;61,3;20,1;12,4
59;9;Sant Andreu;60. Sant Andreu;-1;2016;56,683;;;;;;;3,0;44,7;27,6;23,4
60;9;Sant Andreu;61. la Sagrera;-1;2016;28,796;;;;;;;3,1;45,9;27,2;22,3
61;9;Sant Andreu;62. el Congrés i els Indians;-1;2016;14,044;;;;;;;4,1;43,5;27,3;23,5
62;9;Sant Andreu;63. Navas;-1;2016;22,08;;;;;;;3,0;43,5;28,0;24,1
63;10;Sant Martí;64. el Camp de l'Arpa del Clot;-1;2016;38,104;;;;;;;2,8;40,8;27,0;28,1
64;10;Sant Martí;65. el Clot;-1;2016;26,898;;;;;;;2,7;43,5;26,9;25,3
65;10;Sant Martí;66. el Parc i la Llacuna del Poblenou;-1;2016;14,838;;;;;;;2,4;37,4;26,2;32,7
66;10;Sant Martí;67. la Vila Olímpica del Poblenou;-1;2016;9,335;;;;;;;0,8;19,4;25,2;52,4
67;10;Sant Martí;68. el Poblenou;-1;2016;33,586;;;;;;;3,0;38,6;25,8;31,2
68;10;Sant Martí;69. Diagonal Mar i el Front Marítim del Poblenou;-1;2016;13,397;;;;;;;2,7;31,1;25,3;39,3
69;10;Sant Martí;70. el Besòs i el Maresme;-1;2016;22,746;;;;;;;6,2;63,2;18,3;10,4
70;10;Sant Martí;71. Provençals del Poblenou;-1;2016;20,369;;;;;;;3,5;46,7;25,8;22,5
71;10;Sant Martí;72. Sant Martí de Provençals;-1;2016;26,01;;;;;;;4,5;51,3;24,8;18,0
72;10;Sant Martí;73. la Verneda i la Pau;-1;2016;28,645;;;;;;;5,7;57,5;22,6;12,6
73;1;Ciutat Vella;1. el Raval;-1;2015;47,142;431,0;224,0;207,0;331,0;184,0;147,0;3,2;57,4;17,5;21,9
74;1;Ciutat Vella;2. el Barri Gòtic;-1;2015;15,484;100,0;48,0;52,0;142,0;70,0;72,0;2,8;36,2;23,2;37,8
75;1;Ciutat Vella;3. la Barceloneta;-1;2015;15,032;99,0;53,0;46,0;188,0;89,0;99,0;5,8;49,4;19,8;24,9
76;1;Ciutat Vella;4. Sant Pere, Santa Caterina i la Ribera;-1;2015;22,457;166,0;90,0;76,0;169,0;91,0;78,0;3,3;37,6;21,7;37,4
77;2;Eixample;5. el Fort Pienc;-1;2015;31,543;239,0;141,0;98,0;308,0;133,0;175,0;3,1;33,5;26,9;36,4
78;2;Eixample;6. la Sagrada Família;-1;2015;51,097;393,0;196,0;197,0;539,0;234,0;305,0;3,6;35,9;26,3;34,1
79;2;Eixample;7. la Dreta de l'Eixample;-1;2015;43,556;395,0;209,0;186,0;495,0;185,0;310,0;2,4;22,5;25,9;49,2
80;2;Eixample;8. l'Antiga Esquerra de l'Eixample;-1;2015;41,664;336,0;184,0;152,0;436,0;190,0;246,0;2,6;25,2;26,8;45,4
81;2;Eixample;9. la Nova Esquerra de l'Eixample;-1;2015;57,665;447,0;234,0;213,0;591,0;274,0;317,0;2,7;30,9;27,3;39,1
82;2;Eixample;10. Sant Antoni;-1;2015;38,033;333,0;166,0;167,0;361,0;142,0;219,0;3,6;37,2;25,7;33,4
83;3;Sants-Montjuïc;11. el Poble Sec - AEI Parc Montjuïc;-1;2015;40,208;355,0;185,0;170,0;358,0;166,0;192,0;4,2;50,8;21,5;23,5
84;3;Sants-Montjuïc;12. la Marina del Prat Vermell - AEI Zona Franca;-1;2015;1,125;13,0;5,0;8,0;16,0;6,0;10,0;7,8;77,1;10,9;4,2
85;3;Sants-Montjuïc;13. la Marina de Port;-1;2015;30,232;244,0;122,0;122,0;253,0;124,0;129,0;5,7;58,0;23,3;13,0
86;3;Sants-Montjuïc;14. la Font de la Guatlla;-1;2015;10,366;63,0;36,0;27,0;123,0;55,0;68,0;4,4;42,8;25,3;27,4
87;3;Sants-Montjuïc;15. Hostafrancs;-1;2015;15,747;106,0;44,0;62,0;142,0;63,0;79,0;3,8;45,3;23,9;27,0
88;3;Sants-Montjuïc;16. la Bordeta;-1;2015;18,378;168,0;79,0;89,0;189,0;88,0;101,0;4,7;47,9;26,5;20,8
89;3;Sants-Montjuïc;17. Sants - Badal;-1;2015;24,014;183,0;93,0;90,0;218,0;105,0;113,0;4,9;48,1;24,4;22,6
90;3;Sants-Montjuïc;18. Sants;-1;2015;40,687;345,0;169,0;176,0;391,0;188,0;203,0;4,1;41,0;25,2;29,6
91;4;Les Corts;19. les Corts;-1;2015;46,0;386,0;211,0;175,0;467,0;193,0;274,0;3,0;28,9;27,8;40,3
92;4;Les Corts;20. la Maternitat i Sant Ramon;-1;2015;23,817;198,0;91,0;107,0;211,0;96,0;115,0;3,8;33,0;27,0;36,1
93;4;Les Corts;21. Pedralbes;-1;2015;11,713;77,0;29,0;48,0;91,0;52,0;39,0;1,7;19,3;28,2;50,7
94;5;Sarrià-Sant Gervasi;22. Vallvidrera, el Tibidabo i les Planes;-1;2015;4,602;44,0;29,0;15,0;49,0;19,0;30,0;3,6;26,7;27,0;42,6
95;5;Sarrià-Sant Gervasi;23. Sarrià;-1;2015;24,641;225,0;108,0;117,0;258,0;105,0;153,0;2,6;20,7;26,4;50,2
96;5;Sarrià-Sant Gervasi;24. les Tres Torres;-1;2015;16,498;139,0;74,0;65,0;133,0;58,0;75,0;2,1;16,3;29,9;51,7
97;5;Sarrià-Sant Gervasi;25. Sant Gervasi - la Bonanova;-1;2015;25,246;210,0;112,0;98,0;253,0;121,0;132,0;2,2;19,7;29,3;48,7
98;5;Sarrià-Sant Gervasi;26. Sant Gervasi - Galvany;-1;2015;46,708;411,0;192,0;219,0;466,0;217,0;249,0;2,1;18,4;28,9;50,6
99;5;Sarrià-Sant Gervasi;27. el Putxet i el Farró;-1;2015;29,139;284,0;143,0;141,0;242,0;103,0;139,0;2,3;20,9;28,7;48,1
100;6;Gràcia;28. Vallcarca i els Penitents;-1;2015;15,492;136,0;67,0;69,0;140,0;61,0;79,0;3,4;31,0;27,0;38,6
101;6;Gràcia;29. el Coll;-1;2015;7,349;58,0;36,0;22,0;59,0;30,0;29,0;4,1;40,0;26,8;28,9
102;6;Gràcia;30. la Salut;-1;2015;13,227;84,0;39,0;45,0;148,0;61,0;87,0;3,2;30,4;27,3;39,1
103;6;Gràcia;31. la Vila de Gràcia;-1;2015;50,415;490,0;234,0;256,0;541,0;227,0;314,0;3,2;29,8;24,1;43,0
104;6;Gràcia;32. el Camp d'en Grassot i Gràcia Nova;-1;2015;33,918;276,0;143,0;133,0;341,0;156,0;185,0;3,1;31,3;27,2;38,4
105;7;Horta-Guinardó;33. el Baix Guinardó;-1;2015;25,466;193,0;97,0;96,0;315,0;123,0;192,0;4,5;38,5;27,6;29,3
106;7;Horta-Guinardó;34. Can Baró;-1;2015;8,819;51,0;27,0;24,0;80,0;38,0;42,0;5,6;45,1;25,0;24,2
107;7;Horta-Guinardó;35. el Guinardó;-1;2015;35,773;322,0;172,0;150,0;362,0;173,0;189,0;4,3;40,3;27,9;27,4
108;7;Horta-Guinardó;36. la Font d'en Fargues;-1;2015;9,407;77,0;43,0;34,0;98,0;40,0;58,0;4,4;38,1;28,1;29,3
109;7;Horta-Guinardó;37. el Carmel;-1;2015;31,456;246,0;142,0;104,0;272,0;138,0;134,0;7,9;60,3;20,8;11,0
110;7;Horta-Guinardó;38. la Teixonera;-1;2015;11,361;85,0;45,0;40,0;112,0;59,0;53,0;6,7;55,8;23,1;14,3
111;7;Horta-Guinardó;39. Sant Genís dels Agudells;-1;2015;6,754;47,0;18,0;29,0;99,0;41,0;58,0;8,4;50,5;23,6;17,5
112;7;Horta-Guinardó;40. Montbau;-1;2015;5,046;30,0;17,0;13,0;113,0;48,0;65,0;8,4;44,6;24,8;22,2
113;7;Horta-Guinardó;41. la Vall d'Hebron;-1;2015;5,468;52,0;24,0;28,0;45,0;22,0;23,0;4,2;41,0;26,9;27,8
114;7;Horta-Guinardó;42. la Clota;-1;2015;542,0;9,0;6,0;3,0;2,0;0,0;2,0;6,0;45,5;22,6;25,9
115;7;Horta-Guinardó;43. Horta;-1;2015;26,467;195,0;101,0;94,0;300,0;138,0;162,0;6,0;47,0;26,2;20,8
116;8;Nou Barris;44. Vilapicina i la Torre Llobeta;-1;2015;25,451;201,0;104,0;97,0;238,0;121,0;117,0;5,7;48,1;26,1;20,1
117;8;Nou Barris;45. Porta;-1;2015;24,24;194,0;102,0;92,0;266,0;131,0;135,0;7,0;53,9;24,0;15,1
118;8;Nou Barris;46. el Turó de la Peira;-1;2015;15,389;135,0;69,0;66,0;191,0;94,0;97,0;8,3;56,9;22,8;12,0
119;8;Nou Barris;47. Can Peguera;-1;2015;2,275;17,0;9,0;8,0;34,0;12,0;22,0;7,6;67,6;17,8;7,0
120;8;Nou Barris;48. la Guineueta;-1;2015;15,099;108,0;55,0;53,0;183,0;92,0;91,0;6,7;52,4;24,7;16,2
121;8;Nou Barris;49. Canyelles;-1;2015;6,953;51,0;30,0;21,0;59,0;27,0;32,0;6,6;63,4;19,5;10,4
122;8;Nou Barris;50. les Roquetes;-1;2015;15,398;159,0;73,0;86,0;114,0;57,0;57,0;7,5;67,8;17,4;7,3
123;8;Nou Barris;51. Verdun;-1;2015;12,225;117,0;56,0;61,0;107,0;55,0;52,0;7,9;62,7;19,8;9,7
124;8;Nou Barris;52. la Prosperitat;-1;2015;25,979;223,0;119,0;104,0;242,0;130,0;112,0;8,7;59,9;21,2;10,2
125;8;Nou Barris;53. la Trinitat Nova;-1;2015;7,332;70,0;45,0;25,0;121,0;54,0;67,0;8,6;68,4;16,1;6,9
126;8;Nou Barris;54. Torre Baró;-1;2015;2,727;34,0;15,0;19,0;21,0;13,0;8,0;6,8;71,6;13,6;8,0
127;8;Nou Barris;55. Ciutat Meridiana;-1;2015;10,245;107,0;60,0;47,0;68,0;45,0;23,0;6,1;72,5;15,6;5,7
128;8;Nou Barris;56. Vallbona;-1;2015;1,335;12,0;5,0;7,0;35,0;10,0;25,0;8,7;70,1;13,4;7,7
129;9;Sant Andreu;57. la Trinitat Vella;-1;2015;10,059;96,0;48,0;48,0;67,0;44,0;23,0;5,8;68,3;17,2;8,7
130;9;Sant Andreu;58. Baró de Viver;-1;2015;2,482;30,0;14,0;16,0;25,0;16,0;9,0;7,6;73,0;13,7;5,7
131;9;Sant Andreu;59. el Bon Pastor;-1;2015;12,554;110,0;58,0;52,0;105,0;49,0;56,0;5,9;61,9;20,2;12,0
132;9;Sant Andreu;60. Sant Andreu;-1;2015;56,503;482,0;239,0;243,0;479,0;226,0;253,0;4,3;45,6;27,5;22,5
133;9;Sant Andreu;61. la Sagrera;-1;2015;28,887;226,0;133,0;93,0;270,0;140,0;130,0;4,2;47,2;27,1;21,4
134;9;Sant Andreu;62. el Congrés i els Indians;-1;2015;14,043;119,0;67,0;52,0;135,0;57,0;78,0;5,5;44,6;27,1;22,8
135;9;Sant Andreu;63. Navas;-1;2015;21,966;178,0;97,0;81,0;209,0;97,0;112,0;4,2;44,6;27,9;23,3
136;10;Sant Martí;64. el Camp de l'Arpa del Clot;-1;2015;38,178;322,0;168,0;154,0;360,0;169,0;191,0;3,9;41,8;27,0;27,3
137;10;Sant Martí;65. el Clot;-1;2015;26,933;210,0;119,0;91,0;207,0;96,0;111,0;4,3;44,4;26,9;24,4
138;10;Sant Martí;66. el Parc i la Llacuna del Poblenou;-1;2015;14,708;163,0;84,0;79,0;110,0;62,0;48,0;3,4;38,6;25,7;32,2
139;10;Sant Martí;67. la Vila Olímpica del Poblenou;-1;2015;9,326;94,0;46,0;48,0;27,0;15,0;12,0;3,0;20,3;23,9;52,8
140;10;Sant Martí;68. el Poblenou;-1;2015;33,437;323,0;162,0;161,0;293,0;147,0;146,0;4,3;40,0;24,9;30,7
141;10;Sant Martí;69. Diagonal Mar i el Front Marítim del Poblenou;-1;2015;13,369;180,0;97,0;83,0;73,0;28,0;45,0;3,9;32,2;24,0;39,9
142;10;Sant Martí;70. el Besòs i el Maresme;-1;2015;22,834;191,0;97,0;94,0;195,0;116,0;79,0;7,6;65,0;17,8;9,6
143;10;Sant Martí;71. Provençals del Poblenou;-1;2015;20,161;185,0;95,0;90,0;184,0;93,0;91,0;4,8;47,8;25,7;21,7
144;10;Sant Martí;72. Sant Martí de Provençals;-1;2015;25,975;207,0;100,0;107,0;292,0;158,0;134,0;6,1;52,0;24,8;17,0
145;10;Sant Martí;73. la Verneda i la Pau;-1;2015;28,738;225,0;119,0;106,0;321,0;152,0;169,0;7,2;58,6;22,4;11,7
146;1;Ciutat Vella;1. el Raval;-1;2014;47,489;426,0;222,0;204,0;323,0;173,0;150,0;7,3;54,1;17,5;21,1
147;1;Ciutat Vella;2. el Barri Gòtic;-1;2014;15,734;97,0;36,0;61,0;137,0;85,0;52,0;5,4;34,7;23,5;36,4
148;1;Ciutat Vella;3. la Barceloneta;-1;2014;15,104;89,0;43,0;46,0;173,0;80,0;93,0;10,3;46,6;19,8;23,2
149;1;Ciutat Vella;4. Sant Pere, Santa Caterina i la Ribera;-1;2014;22,358;167,0;94,0;73,0;194,0;105,0;89,0;6,6;35,4;21,6;36,4
150;2;Eixample;5. el Fort Pienc;-1;2014;31,494;258,0;135,0;123,0;292,0;106,0;186,0;4,4;32,8;27,5;35,2
151;2;Eixample;6. la Sagrada Família;-1;2014;51,299;433,0;224,0;209,0;535,0;240,0;295,0;4,9;35,5;26,7;32,9
152;2;Eixample;7. la Dreta de l'Eixample;-1;2014;43,34;352,0;194,0;158,0;489,0;188,0;301,0;3,2;22,3;26,1;48,3
153;2;Eixample;8. l'Antiga Esquerra de l'Eixample;-1;2014;41,717;330,0;157,0;173,0;406,0;179,0;227,0;3,5;25,2;27,0;44,2
154;2;Eixample;9. la Nova Esquerra de l'Eixample;-1;2014;57,619;447,0;223,0;224,0;515,0;245,0;270,0;3,9;30,2;27,7;38,1
155;2;Eixample;10. Sant Antoni;-1;2014;38,096;294,0;146,0;148,0;403,0;187,0;216,0;5,3;36,5;25,8;32,4
156;3;Sants-Montjuïc;11. el Poble Sec - AEI Parc Montjuïc;-1;2014;40,278;358,0;212,0;146,0;345,0;162,0;183,0;7,3;48,6;21,5;22,6
157;3;Sants-Montjuïc;12. la Marina del Prat Vermell - AEI Zona Franca;-1;2014;1,144;12,0;8,0;4,0;13,0;5,0;8,0;21,2;63,4;10,8;4,6
158;3;Sants-Montjuïc;13. la Marina de Port;-1;2014;30,047;232,0;116,0;116,0;253,0;128,0;125,0;10,5;53,6;23,4;12,5
159;3;Sants-Montjuïc;14. la Font de la Guatlla;-1;2014;10,309;73,0;36,0;37,0;115,0;45,0;70,0;6,5;41,3;25,7;26,4
160;3;Sants-Montjuïc;15. Hostafrancs;-1;2014;15,666;156,0;80,0;76,0;140,0;76,0;64,0;6,7;43,3;24,4;25,6
161;3;Sants-Montjuïc;16. la Bordeta;-1;2014;18,398;147,0;70,0;77,0;169,0;82,0;87,0;7,0;46,6;26,5;19,8
162;3;Sants-Montjuïc;17. Sants - Badal;-1;2014;24,128;181,0;88,0;93,0;172,0;88,0;84,0;7,7;45,8;24,5;21,8
163;3;Sants-Montjuïc;18. Sants;-1;2014;40,854;355,0;196,0;159,0;369,0;176,0;193,0;6,3;39,9;25,5;28,3
164;4;Les Corts;19. les Corts;-1;2014;45,984;339,0;166,0;173,0;422,0;185,0;237,0;4,2;28,6;28,3;38,9
165;4;Les Corts;20. la Maternitat i Sant Ramon;-1;2014;23,564;184,0;91,0;93,0;209,0;116,0;93,0;5,6;32,2;27,4;34,8
166;4;Les Corts;21. Pedralbes;-1;2014;11,652;79,0;40,0;39,0;107,0;44,0;63,0;2,7;18,9;28,9;49,5
167;5;Sarrià-Sant Gervasi;22. Vallvidrera, el Tibidabo i les Planes;-1;2014;4,514;40,0;22,0;18,0;51,0;15,0;36,0;5,0;26,4;27,2;41,3
168;5;Sarrià-Sant Gervasi;23. Sarrià;-1;2014;24,523;258,0;152,0;106,0;229,0;81,0;148,0;3,6;20,4;26,6;49,5
169;5;Sarrià-Sant Gervasi;24. les Tres Torres;-1;2014;16,161;141,0;70,0;71,0;125,0;60,0;65,0;2,6;16,0;30,2;51,2
170;5;Sarrià-Sant Gervasi;25. Sant Gervasi - la Bonanova;-1;2014;24,926;220,0;112,0;108,0;251,0;113,0;138,0;2,9;20,0;29,6;47,4
171;5;Sarrià-Sant Gervasi;26. Sant Gervasi - Galvany;-1;2014;46,466;386,0;189,0;197,0;433,0;203,0;230,0;2,6;18,2;29,6;49,5
172;5;Sarrià-Sant Gervasi;27. el Putxet i el Farró;-1;2014;29,171;227,0;115,0;112,0;242,0;116,0;126,0;2,9;20,7;29,1;47,3
173;6;Gràcia;28. Vallcarca i els Penitents;-1;2014;15,413;131,0;73,0;58,0;153,0;64,0;89,0;4,7;29,9;27,6;37,8
174;6;Gràcia;29. el Coll;-1;2014;7,203;78,0;46,0;32,0;45,0;25,0;20,0;6,9;37,7;27,3;28,0
175;6;Gràcia;30. la Salut;-1;2014;13,166;98,0;62,0;36,0;131,0;54,0;77,0;5,1;29,2;28,0;37,6
176;6;Gràcia;31. la Vila de Gràcia;-1;2014;50,448;453,0;226,0;227,0;488,0;212,0;276,0;4,4;29,4;24,5;41,7
177;6;Gràcia;32. el Camp d'en Grassot i Gràcia Nova;-1;2014;34,043;276,0;134,0;142,0;345,0;161,0;184,0;4,3;31,0;27,4;37,3
178;7;Horta-Guinardó;33. el Baix Guinardó;-1;2014;25,527;196,0;102,0;94,0;331,0;144,0;187,0;6,3;37,7;27,7;28,3
179;7;Horta-Guinardó;34. Can Baró;-1;2014;8,859;71,0;32,0;39,0;90,0;44,0;46,0;9,4;42,3;25,1;23,2
180;7;Horta-Guinardó;35. el Guinardó;-1;2014;35,534;297,0;153,0;144,0;332,0;161,0;171,0;6,1;39,3;28,2;26,3
181;7;Horta-Guinardó;36. la Font d'en Fargues;-1;2014;9,44;71,0;33,0;38,0;94,0;39,0;55,0;5,9;37,1;28,2;28,6
182;7;Horta-Guinardó;37. el Carmel;-1;2014;31,659;271,0;152,0;119,0;260,0;149,0;111,0;14,6;54,1;20,8;10,5
183;7;Horta-Guinardó;38. la Teixonera;-1;2014;11,435;84,0;43,0;41,0;93,0;45,0;48,0;12,1;51,2;23,1;13,6
184;7;Horta-Guinardó;39. Sant Genís dels Agudells;-1;2014;6,884;39,0;21,0;18,0;93,0;44,0;49,0;12,0;47,4;23,6;16,9
185;7;Horta-Guinardó;40. Montbau;-1;2014;5,047;21,0;13,0;8,0;101,0;40,0;61,0;10,1;43,5;24,7;21,7
186;7;Horta-Guinardó;41. la Vall d'Hebron;-1;2014;5,49;35,0;18,0;17,0;69,0;42,0;27,0;6,7;40,0;26,7;26,6
187;7;Horta-Guinardó;42. la Clota;-1;2014;521,0;10,0;5,0;5,0;6,0;3,0;3,0;10,0;45,7;20,4;23,9
188;7;Horta-Guinardó;43. Horta;-1;2014;26,554;187,0;92,0;95,0;259,0;114,0;145,0;9,9;44,1;26,0;20,0
189;8;Nou Barris;44. Vilapicina i la Torre Llobeta;-1;2014;25,336;177,0;110,0;67,0;270,0;133,0;137,0;8,4;45,9;26,2;19,4
190;8;Nou Barris;45. Porta;-1;2014;24,224;200,0;109,0;91,0;257,0;125,0;132,0;11,5;50,3;23,9;14,2
191;8;Nou Barris;46. el Turó de la Peira;-1;2014;15,466;144,0;67,0;77,0;165,0;95,0;70,0;11,9;54,1;22,4;11,6
192;8;Nou Barris;47. Can Peguera;-1;2014;2,262;21,0;8,0;13,0;28,0;16,0;12,0;16,2;58,8;18,0;6,9
193;8;Nou Barris;48. la Guineueta;-1;2014;15,056;92,0;48,0;44,0;159,0;83,0;76,0;10,4;49,7;24,5;15,3
194;8;Nou Barris;49. Canyelles;-1;2014;6,981;46,0;29,0;17,0;58,0;31,0;27,0;13,5;57,3;19,5;9,7
195;8;Nou Barris;50. les Roquetes;-1;2014;15,564;131,0;66,0;65,0;110,0;58,0;52,0;16,6;59,2;17,1;7,1
196;8;Nou Barris;51. Verdun;-1;2014;12,122;107,0;50,0;57,0;113,0;62,0;51,0;14,6;56,9;19,5;9,0
197;8;Nou Barris;52. la Prosperitat;-1;2014;26,089;219,0;111,0;108,0;220,0;118,0;102,0;15,3;54,1;20,9;9,6
198;8;Nou Barris;53. la Trinitat Nova;-1;2014;7,388;66,0;29,0;37,0;99,0;38,0;61,0;15,9;61,9;16,1;6,1
199;8;Nou Barris;54. Torre Baró;-1;2014;2,547;22,0;12,0;10,0;14,0;9,0;5,0;17,6;62,1;13,3;7,0
200;8;Nou Barris;55. Ciutat Meridiana;-1;2014;10,171;120,0;48,0;72,0;52,0;38,0;14,0;13,3;65,9;15,4;5,4
201;8;Nou Barris;56. Vallbona;-1;2014;1,31;20,0;12,0;8,0;48,0;16,0;32,0;15,6;61,7;14,3;8,4
202;9;Sant Andreu;57. la Trinitat Vella;-1;2014;10,241;127,0;73,0;54,0;56,0;36,0;20,0;12,9;61,6;17,5;8,1
203;9;Sant Andreu;58. Baró de Viver;-1;2014;2,481;20,0;12,0;8,0;28,0;16,0;12,0;15,4;64,7;14,1;5,7
204;9;Sant Andreu;59. el Bon Pastor;-1;2014;12,67;139,0;74,0;65,0;125,0;72,0;53,0;11,3;57,2;20,0;11,5
205;9;Sant Andreu;60. Sant Andreu;-1;2014;56,269;496,0;265,0;231,0;440,0;218,0;222,0;6,8;43,7;27,7;21,7
206;9;Sant Andreu;61. la Sagrera;-1;2014;28,66;259,0;141,0;118,0;250,0;126,0;124,0;6,9;45,5;27,3;20,4
207;9;Sant Andreu;62. el Congrés i els Indians;-1;2014;13,921;119,0;65,0;54,0;170,0;76,0;94,0;7,3;43,4;27,3;22,0
208;9;Sant Andreu;63. Navas;-1;2014;21,741;172,0;83,0;89,0;186,0;99,0;87,0;6,2;43,4;27,9;22,4
209;10;Sant Martí;64. el Camp de l'Arpa del Clot;-1;2014;37,795;324,0;142,0;182,0;354,0;157,0;197,0;5,6;40,8;27,3;26,3
210;10;Sant Martí;65. el Clot;-1;2014;27,035;190,0;86,0;104,0;205,0;107,0;98,0;6,2;43,2;27,2;23,4
211;10;Sant Martí;66. el Parc i la Llacuna del Poblenou;-1;2014;14,613;135,0;73,0;62,0;154,0;82,0;72,0;5,5;37,1;25,9;31,4
212;10;Sant Martí;67. la Vila Olímpica del Poblenou;-1;2014;9,364;90,0;53,0;37,0;32,0;13,0;19,0;3,4;20,0;23,9;52,7
213;10;Sant Martí;68. el Poblenou;-1;2014;33,011;352,0;195,0;157,0;281,0;126,0;155,0;6,7;38,8;25,1;29,3
214;10;Sant Martí;69. Diagonal Mar i el Front Marítim del Poblenou;-1;2014;13,156;174,0;87,0;87,0;67,0;29,0;38,0;5,7;30,6;24,0;39,7
215;10;Sant Martí;70. el Besòs i el Maresme;-1;2014;22,829;223,0;136,0;87,0;208,0;107,0;101,0;13,4;60,1;17,4;9,1
216;10;Sant Martí;71. Provençals del Poblenou;-1;2014;20,096;210,0;101,0;109,0;136,0;68,0;68,0;8,1;45,3;25,7;20,9
217;10;Sant Martí;72. Sant Martí de Provençals;-1;2014;25,917;201,0;103,0;98,0;262,0;129,0;133,0;9,4;49,3;25,0;16,2
218;10;Sant Martí;73. la Verneda i la Pau;-1;2014;28,813;201,0;97,0;104,0;285,0;153,0;132,0;12,6;53,8;22,5;11,1
219;1;Ciutat Vella;1. el Raval;-1;2013;48,8;423,0;210,0;213,0;322,0;158,0;164,0;7,9;54,2;17,4;20,4
220;1;Ciutat Vella;2. el Barri Gòtic;-1;2013;16,267;94,0;49,0;45,0;147,0;75,0;72,0;6,0;36,2;23,4;34,4
221;1;Ciutat Vella;3. la Barceloneta;-1;2013;15,503;105,0;51,0;54,0;196,0;88,0;108,0;10,9;47,5;19,6;21,9
222;1;Ciutat Vella;4. Sant Pere, Santa Caterina i la Ribera;-1;2013;22,769;169,0;93,0;76,0;182,0;74,0;108,0;7,2;35,9;21,8;35,1
223;2;Eixample;5. el Fort Pienc;-1;2013;31,738;255,0;125,0;130,0;324,0;143,0;181,0;4,9;33,0;27,9;34,1
224;2;Eixample;6. la Sagrada Família;-1;2013;51,806;343,0;164,0;179,0;567,0;261,0;306,0;5,5;35,8;26,9;31,8
225;2;Eixample;7. la Dreta de l'Eixample;-1;2013;43,384;369,0;192,0;177,0;541,0;193,0;348,0;3,7;22,6;26,9;46,8
226;2;Eixample;8. l'Antiga Esquerra de l'Eixample;-1;2013;41,773;329,0;170,0;159,0;429,0;202,0;227,0;4,0;25,7;27,3;42,9
227;2;Eixample;9. la Nova Esquerra de l'Eixample;-1;2013;57,819;378,0;192,0;186,0;488,0;232,0;256,0;4,6;30,6;28,0;36,8
228;2;Eixample;10. Sant Antoni;-1;2013;38,26;291,0;155,0;136,0;390,0;194,0;196,0;5,8;36,9;26,1;31,2
229;3;Sants-Montjuïc;11. el Poble Sec - AEI Parc Montjuïc;-1;2013;40,984;345,0;198,0;147,0;348,0;180,0;168,0;8,0;48,7;21,5;21,7
230;3;Sants-Montjuïc;12. la Marina del Prat Vermell - AEI Zona Franca;-1;2013;1,172;10,0;7,0;3,0;18,0;12,0;6,0;20,8;64,2;11,2;3,9
231;3;Sants-Montjuïc;13. la Marina de Port;-1;2013;30,271;249,0;124,0;125,0;259,0;142,0;117,0;11,1;53,6;23,0;12,3
232;3;Sants-Montjuïc;14. la Font de la Guatlla;-1;2013;10,313;82,0;38,0;44,0;123,0;59,0;64,0;7,1;41,8;25,7;25,4
233;3;Sants-Montjuïc;15. Hostafrancs;-1;2013;15,96;155,0;80,0;75,0;130,0;66,0;64,0;7,2;43,9;24,6;24,2
234;3;Sants-Montjuïc;16. la Bordeta;-1;2013;18,577;113,0;60,0;53,0;165,0;83,0;82,0;7,8;46,4;26,5;19,2
235;3;Sants-Montjuïc;17. Sants - Badal;-1;2013;24,351;186,0;86,0;100,0;202,0;101,0;101,0;8,2;45,9;24,6;21,3
236;3;Sants-Montjuïc;18. Sants;-1;2013;41,057;334,0;181,0;153,0;402,0;163,0;239,0;6,8;40,5;25,6;27,1
237;4;Les Corts;19. les Corts;-1;2013;46,183;351,0;165,0;186,0;419,0;214,0;205,0;4,7;28,7;28,8;37,7
238;4;Les Corts;20. la Maternitat i Sant Ramon;-1;2013;23,667;173,0;94,0;79,0;194,0;94,0;100,0;6,0;32,4;27,8;33,8
239;4;Les Corts;21. Pedralbes;-1;2013;11,79;65,0;34,0;31,0;96,0;48,0;48,0;3,4;19,0;29,4;48,2
240;5;Sarrià-Sant Gervasi;22. Vallvidrera, el Tibidabo i les Planes;-1;2013;4,437;47,0;29,0;18,0;40,0;23,0;17,0;5,8;26,1;28,1;39,9
241;5;Sarrià-Sant Gervasi;23. Sarrià;-1;2013;24,45;256,0;139,0;117,0;237,0;84,0;153,0;4,2;20,2;27,1;48,4
242;5;Sarrià-Sant Gervasi;24. les Tres Torres;-1;2013;15,984;145,0;75,0;70,0;116,0;60,0;56,0;3,1;16,1;30,3;50,5
243;5;Sarrià-Sant Gervasi;25. Sant Gervasi - la Bonanova;-1;2013;24,607;192,0;100,0;92,0;236,0;103,0;133,0;3,5;20,0;29,9;46,5
244;5;Sarrià-Sant Gervasi;26. Sant Gervasi - Galvany;-1;2013;46,486;383,0;186,0;197,0;435,0;180,0;255,0;3,1;18,4;30,1;48,4
245;5;Sarrià-Sant Gervasi;27. el Putxet i el Farró;-1;2013;29,302;283,0;150,0;133,0;250,0;108,0;142,0;3,4;20,8;29,4;46,4
246;6;Gràcia;28. Vallcarca i els Penitents;-1;2013;15,453;127,0;64,0;63,0;158,0;71,0;87,0;5,3;30,0;27,8;36,9
247;6;Gràcia;29. el Coll;-1;2013;7,232;57,0;29,0;28,0;51,0;24,0;27,0;7,5;37,7;27,3;27,5
248;6;Gràcia;30. la Salut;-1;2013;13,21;96,0;59,0;37,0;137,0;71,0;66,0;5,7;29,1;28,5;36,6
249;6;Gràcia;31. la Vila de Gràcia;-1;2013;50,615;463,0;244,0;219,0;495,0;208,0;287,0;5,0;30,2;24,8;40,1
250;6;Gràcia;32. el Camp d'en Grassot i Gràcia Nova;-1;2013;34,439;259,0;146,0;113,0;340,0;164,0;176,0;5,0;31,2;27,8;36,0
251;7;Horta-Guinardó;33. el Baix Guinardó;-1;2013;25,641;197,0;101,0;96,0;341,0;151,0;190,0;6,9;37,9;27,7;27,4
252;7;Horta-Guinardó;34. Can Baró;-1;2013;8,969;70,0;28,0;42,0;77,0;32,0;45,0;9,9;42,7;25,2;22,1
253;7;Horta-Guinardó;35. el Guinardó;-1;2013;35,679;312,0;142,0;170,0;327,0;158,0;169,0;6,8;39,6;28,5;25,1
254;7;Horta-Guinardó;36. la Font d'en Fargues;-1;2013;9,49;62,0;30,0;32,0;87,0;40,0;47,0;6,7;37,2;28,5;27,4
255;7;Horta-Guinardó;37. el Carmel;-1;2013;31,789;269,0;143,0;126,0;251,0;141,0;110,0;15,4;54,1;20,6;9,8
256;7;Horta-Guinardó;38. la Teixonera;-1;2013;11,654;101,0;49,0;52,0;96,0;55,0;41,0;12,9;50,6;23,1;13,3
257;7;Horta-Guinardó;39. Sant Genís dels Agudells;-1;2013;6,935;55,0;28,0;27,0;90,0;46,0;44,0;12,7;47,3;23,2;16,7
258;7;Horta-Guinardó;40. Montbau;-1;2013;5,111;23,0;6,0;17,0;118,0;51,0;67,0;11,7;43,1;24,1;21,1
259;7;Horta-Guinardó;41. la Vall d'Hebron;-1;2013;5,494;40,0;25,0;15,0;49,0;23,0;26,0;7,6;39,3;26,3;26,8
260;7;Horta-Guinardó;42. la Clota;-1;2013;438,0;9,0;8,0;1,0;7,0;3,0;4,0;12,4;48,5;18,7;20,4
261;7;Horta-Guinardó;43. Horta;-1;2013;26,543;207,0;105,0;102,0;296,0;128,0;168,0;10,7;44,0;25,9;19,4
262;8;Nou Barris;44. Vilapicina i la Torre Llobeta;-1;2013;25,543;197,0;101,0;96,0;281,0;136,0;145,0;9,1;45,9;26,3;18,7
263;8;Nou Barris;45. Porta;-1;2013;24,193;233,0;112,0;121,0;223,0;121,0;102,0;12,0;50,3;23,9;13,7
264;8;Nou Barris;46. el Turó de la Peira;-1;2013;15,593;143,0;77,0;66,0;158,0;86,0;72,0;12,6;53,6;22,3;11,4
265;8;Nou Barris;47. Can Peguera;-1;2013;2,23;14,0;6,0;8,0;29,0;13,0;16,0;17,0;58,6;18,1;6,4
266;8;Nou Barris;48. la Guineueta;-1;2013;15,117;103,0;50,0;53,0;173,0;87,0;86,0;11,6;49,3;24,6;14,5
267;8;Nou Barris;49. Canyelles;-1;2013;7,102;43,0;27,0;16,0;60,0;31,0;29,0;14,1;57,2;19,1;9,5
268;8;Nou Barris;50. les Roquetes;-1;2013;15,768;155,0;80,0;75,0;114,0;60,0;54,0;17,2;59,1;16,9;6,8
269;8;Nou Barris;51. Verdun;-1;2013;12,329;103,0;46,0;57,0;115,0;70,0;45,0;15,1;56,9;19,1;8,8
270;8;Nou Barris;52. la Prosperitat;-1;2013;26,299;202,0;101,0;101,0;221,0;124,0;97,0;16,0;53,7;21,0;9,2
271;8;Nou Barris;53. la Trinitat Nova;-1;2013;7,551;55,0;30,0;25,0;108,0;44,0;64,0;16,6;61,8;15,9;5,7
272;8;Nou Barris;54. Torre Baró;-1;2013;2,192;33,0;14,0;19,0;19,0;12,0;7,0;20,3;62,1;11,6;5,9
273;8;Nou Barris;55. Ciutat Meridiana;-1;2013;10,485;99,0;62,0;37,0;60,0;28,0;32,0;13,6;66,0;15,4;4,9
274;8;Nou Barris;56. Vallbona;-1;2013;1,346;17,0;7,0;10,0;29,0;10,0;19,0;15,0;62,1;14,2;8,6
275;9;Sant Andreu;57. la Trinitat Vella;-1;2013;10,423;133,0;65,0;68,0;47,0;27,0;20,0;13,7;60,7;17,6;8,0
276;9;Sant Andreu;58. Baró de Viver;-1;2013;2,415;18,0;5,0;13,0;26,0;15,0;11,0;16,2;64,1;14,0;5,6
277;9;Sant Andreu;59. el Bon Pastor;-1;2013;12,8;124,0;61,0;63,0;113,0;64,0;49,0;11,9;57,1;19,9;11,2
278;9;Sant Andreu;60. Sant Andreu;-1;2013;56,476;490,0;257,0;233,0;458,0;228,0;230,0;7,5;43,4;28,0;21,1
279;9;Sant Andreu;61. la Sagrera;-1;2013;28,911;257,0;132,0;125,0;236,0;121,0;115,0;7,3;45,9;27,3;19,5
280;9;Sant Andreu;62. el Congrés i els Indians;-1;2013;14,01;125,0;69,0;56,0;161,0;77,0;84,0;7,9;43,8;27,1;21,2
281;9;Sant Andreu;63. Navas;-1;2013;21,811;166,0;85,0;81,0;163,0;72,0;91,0;6,8;43,3;27,8;22,0
282;10;Sant Martí;64. el Camp de l'Arpa del Clot;-1;2013;37,933;321,0;166,0;155,0;347,0;144,0;203,0;6,4;40,8;27,4;25,4
283;10;Sant Martí;65. el Clot;-1;2013;27,169;193,0;97,0;96,0;193,0;101,0;92,0;6,8;43,4;27,1;22,7
284;10;Sant Martí;66. el Parc i la Llacuna del Poblenou;-1;2013;14,355;131,0;67,0;64,0;121,0;56,0;65,0;6,4;37,3;26,1;30,2
285;10;Sant Martí;67. la Vila Olímpica del Poblenou;-1;2013;9,319;96,0;42,0;54,0;30,0;14,0;16,0;4,4;19,4;24,4;51,8
286;10;Sant Martí;68. el Poblenou;-1;2013;32,838;330,0;170,0;160,0;226,0;131,0;95,0;7,4;39,4;25,2;28,0
287;10;Sant Martí;69. Diagonal Mar i el Front Marítim del Poblenou;-1;2013;12,894;202,0;105,0;97,0;62,0;27,0;35,0;6,2;30,7;23,9;39,2
288;10;Sant Martí;70. el Besòs i el Maresme;-1;2013;23,118;195,0;102,0;93,0;206,0;109,0;97,0;14,6;59,6;17,3;8,5
289;10;Sant Martí;71. Provençals del Poblenou;-1;2013;20,052;214,0;119,0;95,0;145,0;79,0;66,0;9,0;45,9;25,4;19,7
290;10;Sant Martí;72. Sant Martí de Provençals;-1;2013;25,994;211,0;114,0;97,0;252,0;127,0;125,0;10,1;49,3;24,8;15,6
291;10;Sant Martí;73. la Verneda i la Pau;-1;2013;29,154;202,0;108,0;94,0;300,0;174,0;126,0;13,4;53,4;22,3;10,8
292;1;Ciutat Vella;1. el Raval;-1;2012;49,027;482,0;248,0;234,0;355,0;188,0;167,0;8,5;54,6;17,1;19,7
293;1;Ciutat Vella;2. el Barri Gòtic;-1;2012;16,908;87,0;50,0;37,0;132,0;75,0;57,0;6,6;38,6;22,7;32,2
294;1;Ciutat Vella;3. la Barceloneta;-1;2012;15,729;101,0;55,0;46,0;194,0;90,0;104,0;11,9;48,1;18,8;21,1
295;1;Ciutat Vella;4. Sant Pere, Santa Caterina i la Ribera;-1;2012;22,778;176,0;79,0;97,0;196,0;94,0;102,0;7,7;36,9;21,6;33,7
296;2;Eixample;5. el Fort Pienc;-1;2012;32,296;251,0;136,0;115,0;330,0;152,0;178,0;5,4;34,7;27,4;32,5
297;2;Eixample;6. la Sagrada Família;-1;2012;52,109;416,0;241,0;175,0;531,0;235,0;296,0;5,9;36,9;26,5;30,6
298;2;Eixample;7. la Dreta de l'Eixample;-1;2012;43,355;337,0;165,0;172,0;553,0;217,0;336,0;4,0;23,9;27,2;44,9
299;2;Eixample;8. l'Antiga Esquerra de l'Eixample;-1;2012;41,785;321,0;160,0;161,0;481,0;204,0;277,0;4,3;27,1;27,3;41,3
300;2;Eixample;9. la Nova Esquerra de l'Eixample;-1;2012;57,911;489,0;237,0;252,0;543,0;251,0;292,0;4,9;32,0;27,9;35,1
301;2;Eixample;10. Sant Antoni;-1;2012;38,372;280,0;162,0;118,0;415,0;199,0;216,0;6,2;38,1;26,0;29,6
302;3;Sants-Montjuïc;11. el Poble Sec - AEI Parc Montjuïc;-1;2012;41,258;339,0;175,0;164,0;364,0;182,0;182,0;8,8;50,0;21,0;20,2
303;3;Sants-Montjuïc;12. la Marina del Prat Vermell - AEI Zona Franca;-1;2012;1,153;11,0;6,0;5,0;16,0;7,0;9,0;23,1;64,2;9,7;2,9
304;3;Sants-Montjuïc;13. la Marina de Port;-1;2012;30,458;261,0;119,0;142,0;252,0;147,0;105,0;11,6;54,3;22,4;11,6
305;3;Sants-Montjuïc;14. la Font de la Guatlla;-1;2012;10,285;61,0;32,0;29,0;126,0;47,0;79,0;7,5;43,0;25,4;24,0
306;3;Sants-Montjuïc;15. Hostafrancs;-1;2012;16,044;130,0;69,0;61,0;153,0;81,0;72,0;7,7;45,7;23,4;23,1
307;3;Sants-Montjuïc;16. la Bordeta;-1;2012;18,614;151,0;87,0;64,0;189,0;92,0;97,0;8,3;47,6;25,8;18,3
308;3;Sants-Montjuïc;17. Sants - Badal;-1;2012;24,611;193,0;101,0;92,0;211,0;104,0;107,0;8,8;47,3;23,8;20,0
309;3;Sants-Montjuïc;18. Sants;-1;2012;41,649;352,0;179,0;173,0;390,0;185,0;205,0;7,3;42,0;25,0;25,6
310;4;Les Corts;19. les Corts;-1;2012;46,875;361,0;183,0;178,0;448,0;213,0;235,0;5,2;30,1;28,5;36,2
311;4;Les Corts;20. la Maternitat i Sant Ramon;-1;2012;23,78;178,0;88,0;90,0;191,0;94,0;97,0;6,5;33,2;27,6;32,6
312;4;Les Corts;21. Pedralbes;-1;2012;11,765;74,0;39,0;35,0;105,0;52,0;53,0;3,8;20,1;29,5;46,6
313;5;Sarrià-Sant Gervasi;22. Vallvidrera, el Tibidabo i les Planes;-1;2012;4,41;37,0;18,0;19,0;58,0;23,0;35,0;5,9;28,6;27,2;38,3
314;5;Sarrià-Sant Gervasi;23. Sarrià;-1;2012;24,306;272,0;136,0;136,0;259,0;116,0;143,0;4,3;21,7;27,1;46,8
315;5;Sarrià-Sant Gervasi;24. les Tres Torres;-1;2012;15,936;163,0;89,0;74,0;117,0;53,0;64,0;3,3;17,5;30,2;48,9
316;5;Sarrià-Sant Gervasi;25. Sant Gervasi - la Bonanova;-1;2012;24,553;257,0;135,0;122,0;263,0;123,0;140,0;3,5;20,2;30,1;46,1
317;5;Sarrià-Sant Gervasi;26. Sant Gervasi - Galvany;-1;2012;46,411;410,0;195,0;215,0;498,0;215,0;283,0;3,3;19,8;30,0;47,0
318;5;Sarrià-Sant Gervasi;27. el Putxet i el Farró;-1;2012;29,775;250,0;116,0;134,0;258,0;107,0;151,0;3,5;23,7;28,7;44,1
319;6;Gràcia;28. Vallcarca i els Penitents;-1;2012;15,499;156,0;72,0;84,0;140,0;62,0;78,0;5,4;31,3;28,1;35,2
320;6;Gràcia;29. el Coll;-1;2012;7,308;59,0;35,0;24,0;56,0;31,0;25,0;7,9;38,1;27,9;26,1
321;6;Gràcia;30. la Salut;-1;2012;13,212;121,0;64,0;57,0;128,0;64,0;64,0;6,0;30,6;28,2;35,1
322;6;Gràcia;31. la Vila de Gràcia;-1;2012;51,147;451,0;234,0;217,0;515,0;210,0;305,0;5,3;31,7;24,6;38,4
323;6;Gràcia;32. el Camp d'en Grassot i Gràcia Nova;-1;2012;34,76;282,0;143,0;139,0;343,0;145,0;198,0;5,2;32,6;27,6;34,5
324;7;Horta-Guinardó;33. el Baix Guinardó;-1;2012;25,918;196,0;114,0;82,0;344,0;146,0;198,0;7,5;38,9;27,5;26,0
325;7;Horta-Guinardó;34. Can Baró;-1;2012;9,005;81,0;40,0;41,0;96,0;37,0;59,0;10,5;43,7;25,2;20,6
326;7;Horta-Guinardó;35. el Guinardó;-1;2012;35,664;314,0;154,0;160,0;337,0;175,0;162,0;7,1;40,5;28,3;24,1
327;7;Horta-Guinardó;36. la Font d'en Fargues;-1;2012;9,569;72,0;32,0;40,0;114,0;48,0;66,0;7,2;38,8;27,8;26,1
328;7;Horta-Guinardó;37. el Carmel;-1;2012;32,012;273,0;136,0;137,0;246,0;132,0;114,0;16,3;54,0;20,1;9,5
329;7;Horta-Guinardó;38. la Teixonera;-1;2012;11,776;81,0;43,0;38,0;93,0;44,0;49,0;13,5;51,1;22,7;12,6
330;7;Horta-Guinardó;39. Sant Genís dels Agudells;-1;2012;6,985;50,0;29,0;21,0;84,0;34,0;50,0;13,5;48,2;22,6;15,6
331;7;Horta-Guinardó;40. Montbau;-1;2012;5,144;35,0;22,0;13,0;119,0;49,0;70,0;12,0;43,6;23,8;20,5
332;7;Horta-Guinardó;41. la Vall d'Hebron;-1;2012;5,569;37,0;15,0;22,0;51,0;29,0;22,0;8,1;40,2;26,0;25,7
333;7;Horta-Guinardó;42. la Clota;-1;2012;452,0;2,0;1,0;1,0;6,0;3,0;3,0;13,9;50,8;19,1;16,2
334;7;Horta-Guinardó;43. Horta;-1;2012;27,013;213,0;99,0;114,0;292,0;124,0;168,0;11,4;45,2;25,2;18,2
335;8;Nou Barris;44. Vilapicina i la Torre Llobeta;-1;2012;25,54;203,0;115,0;88,0;270,0;135,0;135,0;10,0;46,6;25,9;17,6
336;8;Nou Barris;45. Porta;-1;2012;24,222;201,0;103,0;98,0;257,0;126,0;131,0;12,9;50,9;23,1;13,2
337;8;Nou Barris;46. el Turó de la Peira;-1;2012;16,184;168,0;85,0;83,0;196,0;91,0;105,0;13,2;54,0;21,8;11,0
338;8;Nou Barris;47. Can Peguera;-1;2012;2,239;18,0;7,0;11,0;24,0;11,0;13,0;18,6;57,1;18,4;6,0
339;8;Nou Barris;48. la Guineueta;-1;2012;15,185;124,0;65,0;59,0;174,0;97,0;77,0;12,4;49,6;24,1;13,9
340;8;Nou Barris;49. Canyelles;-1;2012;7,197;46,0;26,0;20,0;61,0;30,0;31,0;15,2;57,4;18,2;9,1
341;8;Nou Barris;50. les Roquetes;-1;2012;16,042;161,0;77,0;84,0;129,0;77,0;52,0;18,4;58,9;16,4;6,3
342;8;Nou Barris;51. Verdun;-1;2012;12,453;115,0;65,0;50,0;130,0;72,0;58,0;16,4;56,6;18,7;8,2
343;8;Nou Barris;52. la Prosperitat;-1;2012;26,471;221,0;117,0;104,0;228,0;124,0;104,0;16,9;53,9;20,4;8,8
344;8;Nou Barris;53. la Trinitat Nova;-1;2012;7,627;86,0;49,0;37,0;118,0;61,0;57,0;18,1;61,0;15,5;5,4
345;8;Nou Barris;54. Torre Baró;-1;2012;2,173;22,0;10,0;12,0;23,0;13,0;10,0;22,9;62,6;9,5;5,0
346;8;Nou Barris;55. Ciutat Meridiana;-1;2012;10,748;109,0;60,0;49,0;57,0;34,0;23,0;14,6;66,4;14,5;4,5
347;8;Nou Barris;56. Vallbona;-1;2012;1,338;23,0;9,0;14,0;32,0;13,0;19,0;16,4;61,1;14,6;7,7
348;9;Sant Andreu;57. la Trinitat Vella;-1;2012;10,387;127,0;60,0;67,0;51,0;27,0;24,0;14,2;60,9;17,1;7,8
349;9;Sant Andreu;58. Baró de Viver;-1;2012;2,412;12,0;6,0;6,0;15,0;7,0;8,0;17,9;62,8;13,9;5,3
350;9;Sant Andreu;59. el Bon Pastor;-1;2012;13,203;125,0;60,0;65,0;108,0;60,0;48,0;12,6;57,6;19,2;10,6
351;9;Sant Andreu;60. Sant Andreu;-1;2012;56,297;488,0;254,0;234,0;439,0;209,0;230,0;8,1;44,3;27,6;20,0
352;9;Sant Andreu;61. la Sagrera;-1;2012;29,11;234,0;130,0;104,0;248,0;113,0;135,0;7,9;46,8;26,6;18,6
353;9;Sant Andreu;62. el Congrés i els Indians;-1;2012;14,129;118,0;55,0;63,0;148,0;72,0;76,0;8,6;44,0;27,0;20,4
354;9;Sant Andreu;63. Navas;-1;2012;21,915;151,0;70,0;81,0;203,0;100,0;103,0;7,3;44,0;27,5;21,2
355;10;Sant Martí;64. el Camp de l'Arpa del Clot;-1;2012;38,186;279,0;146,0;133,0;351,0;166,0;185,0;6,9;41,8;27,0;24,3
356;10;Sant Martí;65. el Clot;-1;2012;27,325;217,0;117,0;100,0;201,0;97,0;104,0;7,1;44,4;26,9;21,6
357;10;Sant Martí;66. el Parc i la Llacuna del Poblenou;-1;2012;14,043;118,0;60,0;58,0;96,0;41,0;55,0;6,7;38,7;25,9;28,7
358;10;Sant Martí;67. la Vila Olímpica del Poblenou;-1;2012;9,249;76,0;43,0;33,0;34,0;20,0;14,0;3,6;20,9;24,1;51,4
359;10;Sant Martí;68. el Poblenou;-1;2012;32,552;356,0;176,0;180,0;263,0;129,0;134,0;7,7;40,7;25,0;26,7
360;10;Sant Martí;69. Diagonal Mar i el Front Marítim del Poblenou;-1;2012;12,522;211,0;100,0;111,0;75,0;35,0;40,0;6,6;31,5;23,9;38,0
361;10;Sant Martí;70. el Besòs i el Maresme;-1;2012;23,725;217,0;89,0;128,0;219,0;111,0;108,0;15,6;59,3;16,8;8,3
362;10;Sant Martí;71. Provençals del Poblenou;-1;2012;19,887;202,0;94,0;108,0;169,0;84,0;85,0;9,7;46,5;24,9;18,8
363;10;Sant Martí;72. Sant Martí de Provençals;-1;2012;26,151;210,0;106,0;104,0;277,0;145,0;132,0;10,9;49,8;24,2;15,1
364;10;Sant Martí;73. la Verneda i la Pau;-1;2012;29,245;231,0;134,0;97,0;310,0;158,0;152,0;14,3;53,5;21,9;10,3
365;1;Ciutat Vella;1. el Raval;-1;2011;47,7;477,0;239,0;238,0;333,0;170,0;163,0;9,4;54,7;16,9;19,0
366;1;Ciutat Vella;2. el Barri Gòtic;-1;2011;17,687;108,0;50,0;58,0;144,0;64,0;80,0;7,4;40,4;22,0;30,2
367;1;Ciutat Vella;3. la Barceloneta;-1;2011;15,766;119,0;52,0;67,0;165,0;83,0;82,0;13,4;48,6;18,2;19,8
368;1;Ciutat Vella;4. Sant Pere, Santa Caterina i la Ribera;-1;2011;22,41;213,0;114,0;99,0;188,0;104,0;84,0;8,8;38,2;21,0;31,9
369;2;Eixample;5. el Fort Pienc;-1;2011;32,384;245,0;132,0;113,0;283,0;133,0;150,0;6,6;36,5;26,0;30,9
370;2;Eixample;6. la Sagrada Família;-1;2011;52,009;412,0;229,0;183,0;534,0;239,0;295,0;7,1;38,3;25,4;29,2
371;2;Eixample;7. la Dreta de l'Eixample;-1;2011;42,91;370,0;192,0;178,0;521,0;194,0;327,0;5,0;25,7;25,9;43,3
372;2;Eixample;8. l'Antiga Esquerra de l'Eixample;-1;2011;41,466;314,0;172,0;142,0;412,0;181,0;231,0;5,2;28,6;26,4;39,7
373;2;Eixample;9. la Nova Esquerra de l'Eixample;-1;2011;57,706;413,0;226,0;187,0;519,0;235,0;284,0;6,1;33,6;26,6;33,7
374;2;Eixample;10. Sant Antoni;-1;2011;38,002;293,0;157,0;136,0;378,0;171,0;207,0;7,3;39,2;25,0;28,4
375;3;Sants-Montjuïc;11. el Poble Sec - AEI Parc Montjuïc;-1;2011;40,547;400,0;204,0;196,0;346,0;158,0;188,0;9,9;50,6;20,2;19,3
376;3;Sants-Montjuïc;12. la Marina del Prat Vermell - AEI Zona Franca;-1;2011;1,124;5,0;1,0;4,0;19,0;8,0;11,0;24,1;64,2;8,8;2,6
377;3;Sants-Montjuïc;13. la Marina de Port;-1;2011;30,243;275,0;158,0;117,0;235,0;126,0;109,0;13,2;54,8;21,0;11,1
378;3;Sants-Montjuïc;14. la Font de la Guatlla;-1;2011;10,223;71,0;36,0;35,0;102,0;46,0;56,0;9,0;44,1;24,1;22,8
379;3;Sants-Montjuïc;15. Hostafrancs;-1;2011;15,845;122,0;61,0;61,0;144,0;75,0;69,0;9,2;46,4;22,4;22,0
380;3;Sants-Montjuïc;16. la Bordeta;-1;2011;18,499;170,0;79,0;91,0;183,0;83,0;100,0;9,9;48,9;24,1;17,0
381;3;Sants-Montjuïc;17. Sants - Badal;-1;2011;24,36;192,0;114,0;78,0;185,0;93,0;92,0;10,3;48,4;22,5;18,8
382;3;Sants-Montjuïc;18. Sants;-1;2011;41,976;340,0;167,0;173,0;389,0;171,0;218,0;8,6;43,8;23,6;24,0
383;4;Les Corts;19. les Corts;-1;2011;47,173;373,0;190,0;183,0;431,0;204,0;227,0;6,5;32,2;26,5;34,7
384;4;Les Corts;20. la Maternitat i Sant Ramon;-1;2011;23,622;181,0;92,0;89,0;179,0;89,0;90,0;8,0;34,5;25,8;31,7
385;4;Les Corts;21. Pedralbes;-1;2011;11,641;79,0;43,0;36,0;88,0;44,0;44,0;4,7;22,1;27,9;45,2
386;5;Sarrià-Sant Gervasi;22. Vallvidrera, el Tibidabo i les Planes;-1;2011;4,299;37,0;22,0;15,0;47,0;16,0;31,0;7,5;30,2;25,5;36,8
387;5;Sarrià-Sant Gervasi;23. Sarrià;-1;2011;23,946;223,0;118,0;105,0;259,0;103,0;156,0;5,5;23,4;25,2;45,8
388;5;Sarrià-Sant Gervasi;24. les Tres Torres;-1;2011;15,77;146,0;74,0;72,0;101,0;51,0;50,0;4,8;19,8;27,9;47,5
389;5;Sarrià-Sant Gervasi;25. Sant Gervasi - la Bonanova;-1;2011;24,33;227,0;95,0;132,0;228,0;92,0;136,0;4,7;22,1;28,0;45,0
390;5;Sarrià-Sant Gervasi;26. Sant Gervasi - Galvany;-1;2011;46,217;387,0;188,0;199,0;431,0;193,0;238,0;4,6;21,3;28,5;45,6
391;5;Sarrià-Sant Gervasi;27. el Putxet i el Farró;-1;2011;29,992;274,0;132,0;142,0;236,0;115,0;121,0;4,8;25,9;26,7;42,6
392;6;Gràcia;28. Vallcarca i els Penitents;-1;2011;15,417;127,0;68,0;59,0;144,0;69,0;75,0;6,6;32,6;26,7;34,0
393;6;Gràcia;29. el Coll;-1;2011;7,303;72,0;31,0;41,0;53,0;30,0;23,0;9,0;39,6;26,0;25,3
394;6;Gràcia;30. la Salut;-1;2011;13,154;116,0;63,0;53,0;105,0;48,0;57,0;7,1;32,1;26,9;33,8
395;6;Gràcia;31. la Vila de Gràcia;-1;2011;51,228;503,0;277,0;226,0;508,0;225,0;283,0;6,3;33,1;24,0;36,5
396;6;Gràcia;32. el Camp d'en Grassot i Gràcia Nova;-1;2011;34,438;284,0;141,0;143,0;286,0;120,0;166,0;6,5;34,3;26,2;33,0
397;7;Horta-Guinardó;33. el Baix Guinardó;-1;2011;26,022;200,0;105,0;95,0;334,0;154,0;180,0;8,6;40,4;25,8;25,2
398;7;Horta-Guinardó;34. Can Baró;-1;2011;8,928;54,0;18,0;36,0;75,0;40,0;35,0;11,6;45,0;23,6;19,8
399;7;Horta-Guinardó;35. el Guinardó;-1;2011;35,687;287,0;150,0;137,0;347,0;150,0;197,0;8,2;41,8;26,6;23,3
400;7;Horta-Guinardó;36. la Font d'en Fargues;-1;2011;9,53;66,0;33,0;33,0;85,0;39,0;46,0;8,5;40,2;25,8;25,3
401;7;Horta-Guinardó;37. el Carmel;-1;2011;32,108;267,0;138,0;129,0;237,0;124,0;113,0;17,7;54,1;19,1;9,1
402;7;Horta-Guinardó;38. la Teixonera;-1;2011;11,796;102,0;40,0;62,0;94,0;46,0;48,0;14,9;51,8;21,3;11,9
403;7;Horta-Guinardó;39. Sant Genís dels Agudells;-1;2011;7,035;46,0;15,0;31,0;75,0;30,0;45,0;14,8;48,7;21,4;15,0
404;7;Horta-Guinardó;40. Montbau;-1;2011;5,211;40,0;20,0;20,0;92,0;35,0;57,0;13,2;44,1;22,6;20,2
405;7;Horta-Guinardó;41. la Vall d'Hebron;-1;2011;5,58;34,0;19,0;15,0;50,0;30,0;20,0;9,3;41,8;24,0;24,9
406;7;Horta-Guinardó;42. la Clota;-1;2011;462,0;4,0;2,0;2,0;5,0;4,0;1,0;13,7;52,1;18,0;16,2
407;7;Horta-Guinardó;43. Horta;-1;2011;27,537;199,0;101,0;98,0;288,0;147,0;141,0;12,5;46,8;23,5;17,1
408;8;Nou Barris;44. Vilapicina i la Torre Llobeta;-1;2011;25,429;202,0;97,0;105,0;266,0;135,0;131,0;11,3;47,8;24,1;16,8
409;8;Nou Barris;45. Porta;-1;2011;23,78;201,0;91,0;110,0;221,0;111,0;110,0;13,9;52,1;21,5;12,5
410;8;Nou Barris;46. el Turó de la Peira;-1;2011;16,726;135,0;72,0;63,0;182,0;94,0;88,0;14,8;54,4;20,3;10,4
411;8;Nou Barris;47. Can Peguera;-1;2011;2,24;26,0;19,0;7,0;25,0;17,0;8,0;19,3;57,9;17,4;5,3
412;8;Nou Barris;48. la Guineueta;-1;2011;15,268;108,0;60,0;48,0;169,0;83,0;86,0;13,5;50,7;22,7;13,1
413;8;Nou Barris;49. Canyelles;-1;2011;7,24;48,0;27,0;21,0;66,0;34,0;32,0;16,4;58,2;16,9;8,4
414;8;Nou Barris;50. les Roquetes;-1;2011;15,987;191,0;86,0;105,0;129,0;72,0;57,0;19,8;59,1;15,1;6,0
415;8;Nou Barris;51. Verdun;-1;2011;12,308;116,0;48,0;68,0;96,0;52,0;44,0;17,7;56,8;17,6;7,9
416;8;Nou Barris;52. la Prosperitat;-1;2011;26,566;232,0;118,0;114,0;228,0;115,0;113,0;18,2;54,3;18,9;8,6
417;8;Nou Barris;53. la Trinitat Nova;-1;2011;7,704;84,0;36,0;48,0;102,0;43,0;59,0;19,1;60,8;14,6;5,4
418;8;Nou Barris;54. Torre Baró;-1;2011;2,172;20,0;8,0;12,0;19,0;15,0;4,0;25,1;62,4;8,3;4,0
419;8;Nou Barris;55. Ciutat Meridiana;-1;2011;10,874;114,0;62,0;52,0;70,0;38,0;32,0;15,6;66,3;13,6;4,5
420;8;Nou Barris;56. Vallbona;-1;2011;1,343;12,0;6,0;6,0;26,0;12,0;14,0;18,8;61,8;12,9;6,2
421;9;Sant Andreu;57. la Trinitat Vella;-1;2011;10,385;127,0;71,0;56,0;42,0;29,0;13,0;14,8;61,4;16,4;7,4
422;9;Sant Andreu;58. Baró de Viver;-1;2011;2,414;19,0;9,0;10,0;19,0;9,0;10,0;20,0;61,9;13,8;4,3
423;9;Sant Andreu;59. el Bon Pastor;-1;2011;13,597;145,0;85,0;60,0;101,0;63,0;38,0;13,0;58,2;18,6;10,2
424;9;Sant Andreu;60. Sant Andreu;-1;2011;56,103;519,0;281,0;238,0;423,0;192,0;231,0;9,4;45,6;26,0;19,0
425;9;Sant Andreu;61. la Sagrera;-1;2011;29,138;256,0;114,0;142,0;235,0;111,0;124,0;9,4;47,4;25,3;17,8
426;9;Sant Andreu;62. el Congrés i els Indians;-1;2011;14,011;115,0;48,0;67,0;153,0;72,0;81,0;10,0;44,9;25,6;19,5
427;9;Sant Andreu;63. Navas;-1;2011;21,722;179,0;101,0;78,0;190,0;92,0;98,0;8,7;45,0;26,1;20,2
428;10;Sant Martí;64. el Camp de l'Arpa del Clot;-1;2011;37,969;296,0;159,0;137,0;340,0;167,0;173,0;8,2;42,7;25,8;23,3
429;10;Sant Martí;65. el Clot;-1;2011;27,379;222,0;107,0;115,0;167,0;86,0;81,0;8,8;44,8;25,5;20,8
430;10;Sant Martí;66. el Parc i la Llacuna del Poblenou;-1;2011;13,736;120,0;63,0;57,0;102,0;50,0;52,0;8,1;40,6;24,5;26,7
431;10;Sant Martí;67. la Vila Olímpica del Poblenou;-1;2011;9,252;84,0;38,0;46,0;38,0;19,0;19,0;5,1;21,9;22,3;50,7
432;10;Sant Martí;68. el Poblenou;-1;2011;32,089;380,0;174,0;206,0;300,0;148,0;152,0;9,1;41,9;23,8;25,2
433;10;Sant Martí;69. Diagonal Mar i el Front Marítim del Poblenou;-1;2011;12,008;202,0;109,0;93,0;55,0;29,0;26,0;7,4;32,8;23,1;36,7
434;10;Sant Martí;70. el Besòs i el Maresme;-1;2011;23,948;233,0;124,0;109,0;179,0;100,0;79,0;16,6;59,7;15,8;7,8
435;10;Sant Martí;71. Provençals del Poblenou;-1;2011;19,56;206,0;102,0;104,0;112,0;60,0;52,0;11,3;47,8;23,1;17,8
436;10;Sant Martí;72. Sant Martí de Provençals;-1;2011;26,164;217,0;106,0;111,0;285,0;139,0;146,0;12,3;50,6;23,0;14,0
437;10;Sant Martí;73. la Verneda i la Pau;-1;2011;29,053;209,0;98,0;111,0;256,0;119,0;137,0;15,7;53,8;20,5;9,9
438;1;Ciutat Vella;1. el Raval;-1;2010;47,251;472,0;231,0;241,0;368,0;190,0;178,0;10,2;54,2;16,9;18,7
439;1;Ciutat Vella;2. el Barri Gòtic;-1;2010;18,53;137,0;66,0;71,0;167,0;75,0;92,0;8,3;41,4;21,5;28,7
440;1;Ciutat Vella;3. la Barceloneta;-1;2010;16,099;137,0;73,0;64,0;188,0;83,0;105,0;14,5;48,3;18,1;19,0
441;1;Ciutat Vella;4. Sant Pere, Santa Caterina i la Ribera;-1;2010;22,627;196,0;105,0;91,0;213,0;96,0;117,0;10,1;38,5;21,2;30,2
442;2;Eixample;5. el Fort Pienc;-1;2010;32,63;289,0;150,0;139,0;292,0;148,0;144,0;8,6;36,1;25,7;29,4
443;2;Eixample;6. la Sagrada Família;-1;2010;52,167;387,0;196,0;191,0;516,0;223,0;293,0;9,5;37,7;24,9;27,8
444;2;Eixample;7. la Dreta de l'Eixample;-1;2010;43,095;369,0;196,0;173,0;555,0;207,0;348,0;7,3;25,2;25,7;41,8
445;2;Eixample;8. l'Antiga Esquerra de l'Eixample;-1;2010;41,747;323,0;158,0;165,0;468,0;203,0;265,0;7,3;28,5;26,3;37,8
446;2;Eixample;9. la Nova Esquerra de l'Eixample;-1;2010;58,013;434,0;230,0;204,0;515,0;263,0;252,0;8,6;32,9;26,2;32,2
447;2;Eixample;10. Sant Antoni;-1;2010;38,133;279,0;153,0;126,0;402,0;185,0;217,0;9,3;38,7;24,8;27,1
448;3;Sants-Montjuïc;11. el Poble Sec - AEI Parc Montjuïc;-1;2010;40,34;413,0;214,0;199,0;349,0;183,0;166,0;11,3;50,4;20,0;18,2
449;3;Sants-Montjuïc;12. la Marina del Prat Vermell - AEI Zona Franca;-1;2010;1,139;11,0;4,0;7,0;17,0;7,0;10,0;26,1;63,2;8,3;2,2
450;3;Sants-Montjuïc;13. la Marina de Port;-1;2010;30,101;301,0;165,0;136,0;221,0;113,0;108,0;15,7;53,4;20,4;10,4
451;3;Sants-Montjuïc;14. la Font de la Guatlla;-1;2010;10,281;82,0;51,0;31,0;103,0;47,0;56,0;10,9;43,5;23,5;22,0
452;3;Sants-Montjuïc;15. Hostafrancs;-1;2010;15,939;149,0;77,0;72,0;123,0;63,0;60,0;11,1;46,2;22,3;20,4
453;3;Sants-Montjuïc;16. la Bordeta;-1;2010;18,646;152,0;83,0;69,0;156,0;62,0;94,0;12,6;48,1;23,4;15,8
454;3;Sants-Montjuïc;17. Sants - Badal;-1;2010;24,343;191,0;96,0;95,0;194,0;91,0;103,0;12,7;47,5;21,8;17,9
455;3;Sants-Montjuïc;18. Sants;-1;2010;42,125;308,0;163,0;145,0;383,0;191,0;192,0;10,5;44,0;22,9;22,6
456;4;Les Corts;19. les Corts;-1;2010;47,435;388,0;192,0;196,0;453,0;216,0;237,0;9,4;32,0;25,5;33,0
457;4;Les Corts;20. la Maternitat i Sant Ramon;-1;2010;23,783;165,0;93,0;72,0;197,0;102,0;95,0;10,7;33,7;25,7;29,9
458;4;Les Corts;21. Pedralbes;-1;2010;11,665;84,0;38,0;46,0;101,0;50,0;51,0;7,3;21,8;27,3;43,5
459;5;Sarrià-Sant Gervasi;22. Vallvidrera, el Tibidabo i les Planes;-1;2010;4,274;39,0;26,0;13,0;49,0;16,0;33,0;10,7;28,9;25,1;35,1
460;5;Sarrià-Sant Gervasi;23. Sarrià;-1;2010;23,757;237,0;129,0;108,0;204,0;93,0;111,0;8,6;22,6;24,8;43,9
461;5;Sarrià-Sant Gervasi;24. les Tres Torres;-1;2010;15,741;142,0;76,0;66,0;116,0;56,0;60,0;8,1;18,6;26,8;46,4
462;5;Sarrià-Sant Gervasi;25. Sant Gervasi - la Bonanova;-1;2010;24,306;209,0;109,0;100,0;239,0;107,0;132,0;7,8;21,0;27,3;43,7
463;5;Sarrià-Sant Gervasi;26. Sant Gervasi - Galvany;-1;2010;46,305;416,0;220,0;196,0;460,0;214,0;246,0;7,3;20,6;27,9;44,2
464;5;Sarrià-Sant Gervasi;27. el Putxet i el Farró;-1;2010;30,154;276,0;147,0;129,0;235,0;95,0;140,0;7,2;26,1;26,1;40,6
465;6;Gràcia;28. Vallcarca i els Penitents;-1;2010;15,459;149,0;72,0;77,0;144,0;62,0;82,0;9,0;32,5;26,1;32,4
466;6;Gràcia;29. el Coll;-1;2010;7,24;86,0;47,0;39,0;60,0;35,0;25,0;11,5;38,6;25,4;24,3
467;6;Gràcia;30. la Salut;-1;2010;13,321;87,0;44,0;43,0;128,0;53,0;75,0;9,7;31,1;26,7;32,4
468;6;Gràcia;31. la Vila de Gràcia;-1;2010;52,311;454,0;243,0;211,0;500,0;213,0;287,0;7,8;33,7;24,0;34,4
469;6;Gràcia;32. el Camp d'en Grassot i Gràcia Nova;-1;2010;34,659;290,0;157,0;133,0;300,0;141,0;159,0;9,0;33,5;25,9;31,4
470;7;Horta-Guinardó;33. el Baix Guinardó;-1;2010;26,022;234,0;125,0;109,0;288,0;130,0;158,0;11,1;39,3;25,4;24,2
471;7;Horta-Guinardó;34. Can Baró;-1;2010;9,119;88,0;44,0;44,0;76,0;31,0;45,0;14,1;44,0;23,1;18,7
472;7;Horta-Guinardó;35. el Guinardó;-1;2010;35,655;329,0;168,0;161,0;329,0;182,0;147,0;10,5;40,9;26,2;22,3
473;7;Horta-Guinardó;36. la Font d'en Fargues;-1;2010;9,588;78,0;37,0;41,0;94,0;40,0;54,0;11,7;39,4;24,6;24,0
474;7;Horta-Guinardó;37. el Carmel;-1;2010;32,349;292,0;151,0;141,0;251,0;150,0;101,0;19,9;53,0;18,6;8,4
475;7;Horta-Guinardó;38. la Teixonera;-1;2010;11,821;107,0;57,0;50,0;91,0;54,0;37,0;16,8;51,1;20,9;11,1
476;7;Horta-Guinardó;39. Sant Genís dels Agudells;-1;2010;7,159;48,0;21,0;27,0;67,0;33,0;34,0;16,0;48,1;21,0;14,8
477;7;Horta-Guinardó;40. Montbau;-1;2010;5,256;50,0;26,0;24,0;113,0;37,0;76,0;15,3;43,2;22,4;19,1
478;7;Horta-Guinardó;41. la Vall d'Hebron;-1;2010;5,611;31,0;9,0;22,0;41,0;20,0;21,0;12,0;40,0;23,6;24,4
479;7;Horta-Guinardó;42. la Clota;-1;2010;453,0;2,0;1,0;1,0;6,0;5,0;1,0;15,4;52,3;15,4;16,9
480;7;Horta-Guinardó;43. Horta;-1;2010;27,762;188,0;99,0;89,0;288,0;139,0;149,0;15,0;46,1;22,6;16,2
481;8;Nou Barris;44. Vilapicina i la Torre Llobeta;-1;2010;25,62;176,0;84,0;92,0;232,0;125,0;107,0;13,8;46,7;23,4;16,0
482;8;Nou Barris;45. Porta;-1;2010;23,771;212,0;102,0;110,0;232,0;123,0;109,0;16,8;50,1;21,0;12,0
483;8;Nou Barris;46. el Turó de la Peira;-1;2010;16,683;141,0;79,0;62,0;187,0;89,0;98,0;15,4;56,0;19,1;9,5
484;8;Nou Barris;47. Can Peguera;-1;2010;2,215;16,0;10,0;6,0;35,0;18,0;17,0;22,1;56,7;16,0;5,3
485;8;Nou Barris;48. la Guineueta;-1;2010;15,296;122,0;56,0;66,0;141,0;74,0;67,0;15,9;49,7;21,8;12,6
486;8;Nou Barris;49. Canyelles;-1;2010;7,31;55,0;31,0;24,0;48,0;25,0;23,0;19,7;56,6;16,1;7,6
487;8;Nou Barris;50. les Roquetes;-1;2010;15,964;187,0;91,0;96,0;116,0;72,0;44,0;21,8;58,1;14,6;5,5
488;8;Nou Barris;51. Verdun;-1;2010;12,3;131,0;60,0;71,0;115,0;77,0;38,0;19,7;56,2;16,7;7,3
489;8;Nou Barris;52. la Prosperitat;-1;2010;26,575;265,0;144,0;121,0;211,0;123,0;88,0;20,9;52,8;18,3;7,9
490;8;Nou Barris;53. la Trinitat Nova;-1;2010;7,871;83,0;37,0;46,0;100,0;44,0;56,0;20,9;59,8;13,9;5,4
491;8;Nou Barris;54. Torre Baró;-1;2010;2,167;20,0;12,0;8,0;25,0;13,0;12,0;27,9;60,9;7,4;3,6
492;8;Nou Barris;55. Ciutat Meridiana;-1;2010;10,843;138,0;64,0;74,0;56,0;33,0;23,0;17,2;65,0;13,4;4,4
493;8;Nou Barris;56. Vallbona;-1;2010;1,334;24,0;10,0;14,0;15,0;6,0;9,0;19,7;61,5;12,3;6,3
494;9;Sant Andreu;57. la Trinitat Vella;-1;2010;10,241;155,0;75,0;80,0;57,0;31,0;26,0;16,5;60,8;16,1;6,7
495;9;Sant Andreu;58. Baró de Viver;-1;2010;2,393;33,0;22,0;11,0;21,0;8,0;13,0;23,3;59,3;13,4;3,9
496;9;Sant Andreu;59. el Bon Pastor;-1;2010;13,73;179,0;88,0;91,0;85,0;42,0;43,0;14,5;57,5;18,2;9,8
497;9;Sant Andreu;60. Sant Andreu;-1;2010;55,835;542,0;267,0;275,0;444,0;230,0;214,0;12,5;44,7;25,3;17,5
498;9;Sant Andreu;61. la Sagrera;-1;2010;28,879;231,0;134,0;97,0;222,0;118,0;104,0;12,2;46,4;24,6;16,7
499;9;Sant Andreu;62. el Congrés i els Indians;-1;2010;13,956;116,0;49,0;67,0;142,0;80,0;62,0;12,4;44,1;24,9;18,6
500;9;Sant Andreu;63. Navas;-1;2010;21,81;190,0;99,0;91,0;185,0;95,0;90,0;11,2;43,8;25,4;19,4
501;10;Sant Martí;64. el Camp de l'Arpa del Clot;-1;2010;38,338;315,0;175,0;140,0;311,0;152,0;159,0;10,3;41,9;25,5;22,2
502;10;Sant Martí;65. el Clot;-1;2010;27,495;230,0;119,0;111,0;204,0;97,0;107,0;11,3;44,3;24,6;19,7
503;10;Sant Martí;66. el Parc i la Llacuna del Poblenou;-1;2010;13,468;120,0;63,0;57,0;112,0;61,0;51,0;11,0;40,0;23,7;25,2
504;10;Sant Martí;67. la Vila Olímpica del Poblenou;-1;2010;9,24;91,0;48,0;43,0;25,0;10,0;15,0;8,5;19,8;21,9;49,7
505;10;Sant Martí;68. el Poblenou;-1;2010;31,377;387,0;186,0;201,0;259,0;116,0;143,0;11,3;42,0;23,3;23,3
506;10;Sant Martí;69. Diagonal Mar i el Front Marítim del Poblenou;-1;2010;11,262;159,0;77,0;82,0;62,0;31,0;31,0;9,0;33,4;23,2;34,4
507;10;Sant Martí;70. el Besòs i el Maresme;-1;2010;23,749;238,0;136,0;102,0;198,0;103,0;95,0;18,7;58,7;15,2;7,3
508;10;Sant Martí;71. Provençals del Poblenou;-1;2010;19,58;197,0;98,0;99,0;139,0;79,0;60,0;14,1;47,1;22,4;16,4
509;10;Sant Martí;72. Sant Martí de Provençals;-1;2010;26,164;197,0;103,0;94,0;267,0;135,0;132,0;14,6;49,6;22,5;13,1
510;10;Sant Martí;73. la Verneda i la Pau;-1;2010;29,46;248,0;123,0;125,0;300,0;143,0;157,0;18,7;52,1;19,9;9,2
511;1;Ciutat Vella;1. el Raval;-1;2009;;513,0;269,0;244,0;407,0;193,0;214,0;10,5;54,6;17,1;17,7
512;1;Ciutat Vella;2. el Barri Gòtic;-1;2009;;113,0;56,0;57,0;172,0;86,0;86,0;8,2;44,2;21,8;25,8
513;1;Ciutat Vella;3. la Barceloneta;-1;2009;;120,0;68,0;52,0;158,0;80,0;78,0;15,5;49,3;18,0;17,2
514;1;Ciutat Vella;4. Sant Pere, Santa Caterina i la Ribera;-1;2009;;206,0;112,0;94,0;177,0;77,0;100,0;10,5;40,0;21,2;28,2
515;2;Eixample;5. el Fort Pienc;-1;2009;;262,0;132,0;130,0;303,0;136,0;167,0;8,9;36,7;26,2;28,2
516;2;Eixample;6. la Sagrada Família;-1;2009;;401,0;219,0;182,0;591,0;268,0;323,0;10,0;38,1;25,5;26,3
517;2;Eixample;7. la Dreta de l'Eixample;-1;2009;;387,0;199,0;188,0;516,0;176,0;340,0;7,4;26,0;26,1;40,4
518;2;Eixample;8. l'Antiga Esquerra de l'Eixample;-1;2009;;353,0;198,0;155,0;445,0;194,0;251,0;7,6;29,3;26,8;36,2
519;2;Eixample;9. la Nova Esquerra de l'Eixample;-1;2009;;431,0;231,0;200,0;554,0;259,0;295,0;9,0;33,6;26,6;30,7
520;2;Eixample;10. Sant Antoni;-1;2009;;284,0;155,0;129,0;418,0;195,0;223,0;9,8;39,0;25,4;25,8
521;3;Sants-Montjuïc;11. el Poble Sec - AEI Parc Montjuïc;-1;2009;;387,0;192,0;195,0;381,0;200,0;181,0;11,9;50,9;20,2;16,9
522;3;Sants-Montjuïc;12. la Marina del Prat Vermell - AEI Zona Franca;-1;2009;;6,0;1,0;5,0;17,0;7,0;10,0;26,8;63,8;7,7;1,3
523;3;Sants-Montjuïc;13. la Marina de Port;-1;2009;;296,0;155,0;141,0;193,0;99,0;94,0;16,0;53,8;20,7;9,5
524;3;Sants-Montjuïc;14. la Font de la Guatlla;-1;2009;;84,0;39,0;45,0;75,0;35,0;40,0;11,6;44,1;23,4;20,8
525;3;Sants-Montjuïc;15. Hostafrancs;-1;2009;;119,0;60,0;59,0;141,0;62,0;79,0;11,5;47,2;22,4;18,8
526;3;Sants-Montjuïc;16. la Bordeta;-1;2009;;157,0;74,0;83,0;166,0;88,0;78,0;13,0;48,6;23,4;14,7
527;3;Sants-Montjuïc;17. Sants - Badal;-1;2009;;224,0;113,0;111,0;219,0;109,0;110,0;13,4;48,0;21,9;16,6
528;3;Sants-Montjuïc;18. Sants;-1;2009;;343,0;171,0;172,0;395,0;173,0;222,0;11,2;44,9;23,0;20,9
529;4;Les Corts;19. les Corts;-1;2009;;346,0;170,0;176,0;450,0;221,0;229,0;9,7;32,3;26,4;31,5
530;4;Les Corts;20. la Maternitat i Sant Ramon;-1;2009;;171,0;92,0;79,0;178,0;94,0;84,0;11,2;34,6;26,1;28,0
531;4;Les Corts;21. Pedralbes;-1;2009;;68,0;36,0;32,0;74,0;32,0;42,0;7,4;22,4;28,1;42,0
532;5;Sarrià-Sant Gervasi;22. Vallvidrera, el Tibidabo i les Planes;-1;2009;;37,0;22,0;15,0;50,0;24,0;26,0;11,1;30,9;24,9;32,9
533;5;Sarrià-Sant Gervasi;23. Sarrià;-1;2009;;258,0;132,0;126,0;223,0;92,0;131,0;8,7;23,3;25,6;42,3
534;5;Sarrià-Sant Gervasi;24. les Tres Torres;-1;2009;;128,0;56,0;72,0;111,0;53,0;58,0;8,2;19,2;27,4;45,1
535;5;Sarrià-Sant Gervasi;25. Sant Gervasi - la Bonanova;-1;2009;;201,0;96,0;105,0;269,0;111,0;158,0;8,0;22,0;28,0;41,9
536;5;Sarrià-Sant Gervasi;26. Sant Gervasi - Galvany;-1;2009;;372,0;190,0;182,0;438,0;201,0;237,0;7,4;21,0;28,7;42,7
537;5;Sarrià-Sant Gervasi;27. el Putxet i el Farró;-1;2009;;286,0;145,0;141,0;236,0;115,0;121,0;7,5;26,3;27,1;39,0
538;6;Gràcia;28. Vallcarca i els Penitents;-1;2009;;141,0;68,0;73,0;149,0;64,0;85,0;9,3;33,0;26,4;31,3
539;6;Gràcia;29. el Coll;-1;2009;;70,0;40,0;30,0;56,0;27,0;29,0;12,0;39,0;26,0;22,8
540;6;Gràcia;30. la Salut;-1;2009;;95,0;51,0;44,0;108,0;53,0;55,0;10,2;31,8;27,1;30,8
541;6;Gràcia;31. la Vila de Gràcia;-1;2009;;445,0;244,0;201,0;580,0;259,0;321,0;8,2;34,6;24,9;32,2
542;6;Gràcia;32. el Camp d'en Grassot i Gràcia Nova;-1;2009;;274,0;152,0;122,0;317,0;158,0;159,0;9,3;34,2;26,5;29,9
543;7;Horta-Guinardó;33. el Baix Guinardó;-1;2009;;187,0;98,0;89,0;275,0;120,0;155,0;11,5;39,5;25,7;23,1
544;7;Horta-Guinardó;34. Can Baró;-1;2009;;73,0;36,0;37,0;84,0;39,0;45,0;14,6;44,1;23,6;17,7
545;7;Horta-Guinardó;35. el Guinardó;-1;2009;;317,0;158,0;159,0;340,0;165,0;175,0;10,9;41,5;26,3;21,2
546;7;Horta-Guinardó;36. la Font d'en Fargues;-1;2009;;80,0;38,0;42,0;99,0;45,0;54,0;12,2;39,9;25,1;22,5
547;7;Horta-Guinardó;37. el Carmel;-1;2009;;329,0;172,0;157,0;291,0;141,0;150,0;20,4;52,9;18,6;8,0
548;7;Horta-Guinardó;38. la Teixonera;-1;2009;;106,0;50,0;56,0;79,0;46,0;33,0;17,2;50,9;21,3;10,4
549;7;Horta-Guinardó;39. Sant Genís dels Agudells;-1;2009;;53,0;31,0;22,0;87,0;42,0;45,0;16,1;48,5;20,7;14,6
550;7;Horta-Guinardó;40. Montbau;-1;2009;;46,0;20,0;26,0;118,0;48,0;70,0;15,7;43,3;22,3;18,7
551;7;Horta-Guinardó;41. la Vall d'Hebron;-1;2009;;36,0;16,0;20,0;57,0;23,0;34,0;12,8;40,4;24,1;22,7
552;7;Horta-Guinardó;42. la Clota;-1;2009;;6,0;3,0;3,0;1,0;0,0;1,0;14,8;53,3;15,0;17,0
553;7;Horta-Guinardó;43. Horta;-1;2009;;227,0;131,0;96,0;313,0;158,0;155,0;15,7;46,4;22,7;15,1
554;8;Nou Barris;44. Vilapicina i la Torre Llobeta;-1;2009;;217,0;117,0;100,0;243,0;112,0;131,0;14,3;47,0;23,6;15,0
555;8;Nou Barris;45. Porta;-1;2009;;205,0;108,0;97,0;257,0;134,0;123,0;17,4;50,4;21,0;11,2
556;8;Nou Barris;46. el Turó de la Peira;-1;2009;;148,0;64,0;84,0;172,0;93,0;79,0;15,9;56,0;19,0;9,1
557;8;Nou Barris;47. Can Peguera;-1;2009;;17,0;7,0;10,0;34,0;20,0;14,0;22,9;56,3;15,9;5,0
558;8;Nou Barris;48. la Guineueta;-1;2009;;112,0;53,0;59,0;163,0;93,0;70,0;16,4;49,6;21,9;12,0
559;8;Nou Barris;49. Canyelles;-1;2009;;50,0;21,0;29,0;53,0;27,0;26,0;20,3;56,4;16,3;6,9
560;8;Nou Barris;50. les Roquetes;-1;2009;;159,0;75,0;84,0;128,0;71,0;57,0;22,5;58,1;14,5;4,9
561;8;Nou Barris;51. Verdun;-1;2009;;142,0;78,0;64,0;130,0;64,0;66,0;20,7;55,9;16,7;6,7
562;8;Nou Barris;52. la Prosperitat;-1;2009;;214,0;110,0;104,0;231,0;119,0;112,0;21,5;52,9;18,2;7,4
563;8;Nou Barris;53. la Trinitat Nova;-1;2009;;90,0;45,0;45,0;112,0;54,0;58,0;21,5;59,3;13,9;5,2
564;8;Nou Barris;54. Torre Baró;-1;2009;;17,0;8,0;9,0;21,0;17,0;4,0;28,3;60,8;7,6;3,1
565;8;Nou Barris;55. Ciutat Meridiana;-1;2009;;125,0;64,0;61,0;74,0;42,0;32,0;17,2;65,3;13,2;4,1
566;8;Nou Barris;56. Vallbona;-1;2009;;21,0;14,0;7,0;27,0;10,0;17,0;20,1;60,9;12,8;5,9
567;9;Sant Andreu;57. la Trinitat Vella;-1;2009;;145,0;76,0;69,0;63,0;30,0;33,0;16,8;60,4;16,3;6,5
568;9;Sant Andreu;58. Baró de Viver;-1;2009;;20,0;7,0;13,0;38,0;19,0;19,0;23,4;59,9;12,4;4,1
569;9;Sant Andreu;59. el Bon Pastor;-1;2009;;199,0;90,0;109,0;108,0;56,0;52,0;14,9;57,2;18,4;9,5
570;9;Sant Andreu;60. Sant Andreu;-1;2009;;520,0;266,0;254,0;477,0;231,0;246,0;13,2;45,1;25,5;16,1
571;9;Sant Andreu;61. la Sagrera;-1;2009;;241,0;117,0;124,0;243,0;131,0;112,0;12,9;46,7;25,1;15,3
572;9;Sant Andreu;62. el Congrés i els Indians;-1;2009;;116,0;66,0;50,0;167,0;90,0;77,0;12,8;44,4;25,3;17,6
573;9;Sant Andreu;63. Navas;-1;2009;;149,0;84,0;65,0;196,0;91,0;105,0;11,9;44,1;25,6;18,3
574;10;Sant Martí;64. el Camp de l'Arpa del Clot;-1;2009;;358,0;174,0;184,0;351,0;179,0;172,0;10,9;42,4;25,8;20,9
575;10;Sant Martí;65. el Clot;-1;2009;;239,0;113,0;126,0;211,0;113,0;98,0;12,2;44,5;24,8;18,4
576;10;Sant Martí;66. el Parc i la Llacuna del Poblenou;-1;2009;;113,0;65,0;48,0;106,0;57,0;49,0;11,9;40,7;23,9;23,3
577;10;Sant Martí;67. la Vila Olímpica del Poblenou;-1;2009;;93,0;49,0;44,0;22,0;11,0;11,0;8,4;20,4;22,4;48,7
578;10;Sant Martí;68. el Poblenou;-1;2009;;350,0;201,0;149,0;288,0;130,0;158,0;12,0;43,3;23,3;21,3
579;10;Sant Martí;69. Diagonal Mar i el Front Marítim del Poblenou;-1;2009;;155,0;84,0;71,0;70,0;34,0;36,0;9,8;34,9;23,1;32,1
580;10;Sant Martí;70. el Besòs i el Maresme;-1;2009;;192,0;105,0;87,0;211,0;115,0;96,0;19,3;58,4;15,3;6,9
581;10;Sant Martí;71. Provençals del Poblenou;-1;2009;;192,0;98,0;94,0;147,0;75,0;72,0;14,9;47,8;22,6;14,7
582;10;Sant Martí;72. Sant Martí de Provençals;-1;2009;;213,0;96,0;117,0;282,0;145,0;137,0;15,2;49,9;22,4;12,3
583;10;Sant Martí;73. la Verneda i la Pau;-1;2009;;226,0;97,0;129,0;271,0;148,0;123,0;19,2;52,3;19,9;8,5
584;1;Ciutat Vella;1. el Raval;-1;2008;;514,0;276,0;238,0;375,0;204,0;171,0;;;;
585;1;Ciutat Vella;2. el Barri Gòtic;-1;2008;;117,0;63,0;54,0;179,0;94,0;85,0;;;;
586;1;Ciutat Vella;3. la Barceloneta;-1;2008;;126,0;51,0;75,0;199,0;90,0;109,0;;;;
587;1;Ciutat Vella;4. Sant Pere, Santa Caterina i la Ribera;-1;2008;;227,0;123,0;104,0;214,0;107,0;107,0;;;;
588;2;Eixample;5. el Fort Pienc;-1;2008;;242,0;121,0;121,0;283,0;124,0;159,0;;;;
589;2;Eixample;6. la Sagrada Família;-1;2008;;399,0;205,0;194,0;573,0;257,0;316,0;;;;
590;2;Eixample;7. la Dreta de l'Eixample;-1;2008;;343,0;192,0;151,0;566,0;232,0;334,0;;;;
591;2;Eixample;8. l'Antiga Esquerra de l'Eixample;-1;2008;;338,0;190,0;148,0;431,0;180,0;251,0;;;;
592;2;Eixample;9. la Nova Esquerra de l'Eixample;-1;2008;;480,0;248,0;232,0;587,0;264,0;323,0;;;;
593;2;Eixample;10. Sant Antoni;-1;2008;;276,0;140,0;136,0;435,0;182,0;253,0;;;;
594;3;Sants-Montjuïc;11. el Poble Sec - AEI Parc Montjuïc;-1;2008;;396,0;203,0;193,0;383,0;181,0;202,0;;;;
595;3;Sants-Montjuïc;12. la Marina del Prat Vermell - AEI Zona Franca;-1;2008;;11,0;5,0;6,0;15,0;8,0;7,0;;;;
596;3;Sants-Montjuïc;13. la Marina de Port;-1;2008;;329,0;170,0;159,0;249,0;124,0;125,0;;;;
597;3;Sants-Montjuïc;14. la Font de la Guatlla;-1;2008;;76,0;35,0;41,0;89,0;45,0;44,0;;;;
598;3;Sants-Montjuïc;15. Hostafrancs;-1;2008;;125,0;72,0;53,0;130,0;72,0;58,0;;;;
599;3;Sants-Montjuïc;16. la Bordeta;-1;2008;;164,0;85,0;79,0;149,0;69,0;80,0;;;;
600;3;Sants-Montjuïc;17. Sants - Badal;-1;2008;;186,0;102,0;84,0;205,0;94,0;111,0;;;;
601;3;Sants-Montjuïc;18. Sants;-1;2008;;372,0;199,0;173,0;355,0;156,0;199,0;;;;
602;4;Les Corts;19. les Corts;-1;2008;;352,0;174,0;178,0;475,0;224,0;251,0;;;;
603;4;Les Corts;20. la Maternitat i Sant Ramon;-1;2008;;146,0;73,0;73,0;193,0;88,0;105,0;;;;
604;4;Les Corts;21. Pedralbes;-1;2008;;68,0;34,0;34,0;111,0;51,0;60,0;;;;
605;5;Sarrià-Sant Gervasi;22. Vallvidrera, el Tibidabo i les Planes;-1;2008;;45,0;25,0;20,0;49,0;20,0;29,0;;;;
606;5;Sarrià-Sant Gervasi;23. Sarrià;-1;2008;;223,0;116,0;107,0;213,0;95,0;118,0;;;;
607;5;Sarrià-Sant Gervasi;24. les Tres Torres;-1;2008;;139,0;82,0;57,0;114,0;61,0;53,0;;;;
608;5;Sarrià-Sant Gervasi;25. Sant Gervasi - la Bonanova;-1;2008;;212,0;107,0;105,0;257,0;117,0;140,0;;;;
609;5;Sarrià-Sant Gervasi;26. Sant Gervasi - Galvany;-1;2008;;431,0;230,0;201,0;419,0;172,0;247,0;;;;
610;5;Sarrià-Sant Gervasi;27. el Putxet i el Farró;-1;2008;;250,0;140,0;110,0;237,0;99,0;138,0;;;;
611;6;Gràcia;28. Vallcarca i els Penitents;-1;2008;;143,0;76,0;67,0;133,0;68,0;65,0;;;;
612;6;Gràcia;29. el Coll;-1;2008;;73,0;46,0;27,0;60,0;28,0;32,0;;;;
613;6;Gràcia;30. la Salut;-1;2008;;132,0;68,0;64,0;131,0;49,0;82,0;;;;
614;6;Gràcia;31. la Vila de Gràcia;-1;2008;;509,0;272,0;237,0;538,0;221,0;317,0;;;;
615;6;Gràcia;32. el Camp d'en Grassot i Gràcia Nova;-1;2008;;303,0;166,0;137,0;324,0;166,0;158,0;;;;
616;7;Horta-Guinardó;33. el Baix Guinardó;-1;2008;;207,0;111,0;96,0;266,0;133,0;133,0;;;;
617;7;Horta-Guinardó;34. Can Baró;-1;2008;;98,0;53,0;45,0;86,0;46,0;40,0;;;;
618;7;Horta-Guinardó;35. el Guinardó;-1;2008;;325,0;169,0;156,0;323,0;149,0;174,0;;;;
619;7;Horta-Guinardó;36. la Font d'en Fargues;-1;2008;;89,0;51,0;38,0;65,0;31,0;34,0;;;;
620;7;Horta-Guinardó;37. el Carmel;-1;2008;;346,0;174,0;172,0;280,0;151,0;129,0;;;;
621;7;Horta-Guinardó;38. la Teixonera;-1;2008;;111,0;51,0;60,0;95,0;51,0;44,0;;;;
622;7;Horta-Guinardó;39. Sant Genís dels Agudells;-1;2008;;50,0;23,0;27,0;66,0;34,0;32,0;;;;
623;7;Horta-Guinardó;40. Montbau;-1;2008;;55,0;27,0;28,0;110,0;43,0;67,0;;;;
624;7;Horta-Guinardó;41. la Vall d'Hebron;-1;2008;;45,0;22,0;23,0;49,0;21,0;28,0;;;;
625;7;Horta-Guinardó;42. la Clota;-1;2008;;4,0;3,0;1,0;7,0;6,0;1,0;;;;
626;7;Horta-Guinardó;43. Horta;-1;2008;;213,0;103,0;110,0;270,0;124,0;146,0;;;;
627;8;Nou Barris;44. Vilapicina i la Torre Llobeta;-1;2008;;229,0;104,0;125,0;247,0;123,0;124,0;;;;
628;8;Nou Barris;45. Porta;-1;2008;;175,0;89,0;86,0;251,0;134,0;117,0;;;;
629;8;Nou Barris;46. el Turó de la Peira;-1;2008;;154,0;76,0;78,0;193,0;119,0;74,0;;;;
630;8;Nou Barris;47. Can Peguera;-1;2008;;23,0;13,0;10,0;38,0;19,0;19,0;;;;
631;8;Nou Barris;48. la Guineueta;-1;2008;;121,0;66,0;55,0;164,0;92,0;72,0;;;;
632;8;Nou Barris;49. Canyelles;-1;2008;;53,0;28,0;25,0;63,0;36,0;27,0;;;;
633;8;Nou Barris;50. les Roquetes;-1;2008;;196,0;112,0;84,0;135,0;81,0;54,0;;;;
634;8;Nou Barris;51. Verdun;-1;2008;;127,0;71,0;56,0;110,0;56,0;54,0;;;;
635;8;Nou Barris;52. la Prosperitat;-1;2008;;290,0;154,0;136,0;214,0;121,0;93,0;;;;
636;8;Nou Barris;53. la Trinitat Nova;-1;2008;;84,0;41,0;43,0;104,0;44,0;60,0;;;;
637;8;Nou Barris;54. Torre Baró;-1;2008;;32,0;15,0;17,0;21,0;13,0;8,0;;;;
638;8;Nou Barris;55. Ciutat Meridiana;-1;2008;;148,0;74,0;74,0;74,0;43,0;31,0;;;;
639;8;Nou Barris;56. Vallbona;-1;2008;;31,0;19,0;12,0;14,0;7,0;7,0;;;;
640;9;Sant Andreu;57. la Trinitat Vella;-1;2008;;159,0;81,0;78,0;49,0;22,0;27,0;;;;
641;9;Sant Andreu;58. Baró de Viver;-1;2008;;30,0;14,0;16,0;25,0;12,0;13,0;;;;
642;9;Sant Andreu;59. el Bon Pastor;-1;2008;;173,0;90,0;83,0;103,0;58,0;45,0;;;;
643;9;Sant Andreu;60. Sant Andreu;-1;2008;;508,0;257,0;251,0;439,0;219,0;220,0;;;;
644;9;Sant Andreu;61. la Sagrera;-1;2008;;235,0;110,0;125,0;220,0;96,0;124,0;;;;
645;9;Sant Andreu;62. el Congrés i els Indians;-1;2008;;125,0;67,0;58,0;177,0;88,0;89,0;;;;
646;9;Sant Andreu;63. Navas;-1;2008;;181,0;102,0;79,0;177,0;91,0;86,0;;;;
647;10;Sant Martí;64. el Camp de l'Arpa del Clot;-1;2008;;329,0;155,0;174,0;324,0;147,0;177,0;;;;
648;10;Sant Martí;65. el Clot;-1;2008;;272,0;135,0;137,0;185,0;92,0;93,0;;;;
649;10;Sant Martí;66. el Parc i la Llacuna del Poblenou;-1;2008;;127,0;63,0;64,0;115,0;48,0;67,0;;;;
650;10;Sant Martí;67. la Vila Olímpica del Poblenou;-1;2008;;100,0;56,0;44,0;36,0;20,0;16,0;;;;
651;10;Sant Martí;68. el Poblenou;-1;2008;;384,0;209,0;175,0;275,0;123,0;152,0;;;;
652;10;Sant Martí;69. Diagonal Mar i el Front Marítim del Poblenou;-1;2008;;194,0;97,0;97,0;66,0;34,0;32,0;;;;
653;10;Sant Martí;70. el Besòs i el Maresme;-1;2008;;219,0;109,0;110,0;197,0;105,0;92,0;;;;
654;10;Sant Martí;71. Provençals del Poblenou;-1;2008;;188,0;102,0;86,0;144,0;73,0;71,0;;;;
655;10;Sant Martí;72. Sant Martí de Provençals;-1;2008;;215,0;107,0;108,0;261,0;135,0;126,0;;;;
656;10;Sant Martí;73. la Verneda i la Pau;-1;2008;;242,0;128,0;114,0;303,0;146,0;157,0;;;;
657;1;Ciutat Vella;1. el Raval;-1;2007;;439,0;228,0;211,0;420,0;237,0;183,0;;;;
658;1;Ciutat Vella;2. el Barri Gòtic;-1;2007;;117,0;54,0;63,0;194,0;108,0;86,0;;;;
659;1;Ciutat Vella;3. la Barceloneta;-1;2007;;115,0;61,0;54,0;191,0;105,0;86,0;;;;
660;1;Ciutat Vella;4. Sant Pere, Santa Caterina i la Ribera;-1;2007;;181,0;88,0;93,0;203,0;96,0;107,0;;;;
661;2;Eixample;5. el Fort Pienc;-1;2007;;259,0;146,0;113,0;322,0;131,0;191,0;;;;
662;2;Eixample;6. la Sagrada Família;-1;2007;;368,0;187,0;181,0;583,0;255,0;328,0;;;;
663;2;Eixample;7. la Dreta de l'Eixample;-1;2007;;353,0;179,0;174,0;572,0;238,0;334,0;;;;
664;2;Eixample;8. l'Antiga Esquerra de l'Eixample;-1;2007;;368,0;199,0;169,0;457,0;210,0;247,0;;;;
665;2;Eixample;9. la Nova Esquerra de l'Eixample;-1;2007;;430,0;236,0;194,0;532,0;237,0;295,0;;;;
666;2;Eixample;10. Sant Antoni;-1;2007;;301,0;157,0;144,0;390,0;204,0;186,0;;;;
667;3;Sants-Montjuïc;11. el Poble Sec - AEI Parc Montjuïc;-1;2007;;318,0;163,0;155,0;429,0;214,0;215,0;;;;
668;3;Sants-Montjuïc;12. la Marina del Prat Vermell - AEI Zona Franca;-1;2007;;8,0;4,0;4,0;23,0;16,0;7,0;;;;
669;3;Sants-Montjuïc;13. la Marina de Port;-1;2007;;290,0;151,0;139,0;210,0;126,0;84,0;;;;
670;3;Sants-Montjuïc;14. la Font de la Guatlla;-1;2007;;75,0;34,0;41,0;102,0;49,0;53,0;;;;
671;3;Sants-Montjuïc;15. Hostafrancs;-1;2007;;127,0;67,0;60,0;165,0;77,0;88,0;;;;
672;3;Sants-Montjuïc;16. la Bordeta;-1;2007;;142,0;80,0;62,0;164,0;71,0;93,0;;;;
673;3;Sants-Montjuïc;17. Sants - Badal;-1;2007;;167,0;77,0;90,0;202,0;82,0;120,0;;;;
674;3;Sants-Montjuïc;18. Sants;-1;2007;;332,0;171,0;161,0;404,0;205,0;199,0;;;;
675;4;Les Corts;19. les Corts;-1;2007;;336,0;176,0;160,0;429,0;205,0;224,0;;;;
676;4;Les Corts;20. la Maternitat i Sant Ramon;-1;2007;;163,0;86,0;77,0;189,0;92,0;97,0;;;;
677;4;Les Corts;21. Pedralbes;-1;2007;;74,0;39,0;35,0;93,0;43,0;50,0;;;;
678;5;Sarrià-Sant Gervasi;22. Vallvidrera, el Tibidabo i les Planes;-1;2007;;26,0;12,0;14,0;48,0;28,0;20,0;;;;
679;5;Sarrià-Sant Gervasi;23. Sarrià;-1;2007;;224,0;111,0;113,0;212,0;102,0;110,0;;;;
680;5;Sarrià-Sant Gervasi;24. les Tres Torres;-1;2007;;153,0;83,0;70,0;113,0;49,0;64,0;;;;
681;5;Sarrià-Sant Gervasi;25. Sant Gervasi - la Bonanova;-1;2007;;193,0;108,0;85,0;254,0;104,0;150,0;;;;
682;5;Sarrià-Sant Gervasi;26. Sant Gervasi - Galvany;-1;2007;;469,0;234,0;235,0;466,0;183,0;283,0;;;;
683;5;Sarrià-Sant Gervasi;27. el Putxet i el Farró;-1;2007;;269,0;135,0;134,0;237,0;107,0;130,0;;;;
684;6;Gràcia;28. Vallcarca i els Penitents;-1;2007;;139,0;69,0;70,0;147,0;51,0;96,0;;;;
685;6;Gràcia;29. el Coll;-1;2007;;75,0;34,0;41,0;68,0;43,0;25,0;;;;
686;6;Gràcia;30. la Salut;-1;2007;;103,0;52,0;51,0;150,0;76,0;74,0;;;;
687;6;Gràcia;31. la Vila de Gràcia;-1;2007;;445,0;207,0;238,0;580,0;232,0;348,0;;;;
688;6;Gràcia;32. el Camp d'en Grassot i Gràcia Nova;-1;2007;;294,0;146,0;148,0;351,0;171,0;180,0;;;;
689;7;Horta-Guinardó;33. el Baix Guinardó;-1;2007;;216,0;117,0;99,0;242,0;104,0;138,0;;;;
690;7;Horta-Guinardó;34. Can Baró;-1;2007;;77,0;45,0;32,0;91,0;51,0;40,0;;;;
691;7;Horta-Guinardó;35. el Guinardó;-1;2007;;313,0;164,0;149,0;359,0;186,0;173,0;;;;
692;7;Horta-Guinardó;36. la Font d'en Fargues;-1;2007;;80,0;44,0;36,0;108,0;51,0;57,0;;;;
693;7;Horta-Guinardó;37. el Carmel;-1;2007;;317,0;161,0;156,0;269,0;136,0;133,0;;;;
694;7;Horta-Guinardó;38. la Teixonera;-1;2007;;112,0;48,0;64,0;81,0;43,0;38,0;;;;
695;7;Horta-Guinardó;39. Sant Genís dels Agudells;-1;2007;;55,0;31,0;24,0;67,0;38,0;29,0;;;;
696;7;Horta-Guinardó;40. Montbau;-1;2007;;61,0;35,0;26,0;108,0;64,0;44,0;;;;
697;7;Horta-Guinardó;41. la Vall d'Hebron;-1;2007;;32,0;16,0;16,0;40,0;20,0;20,0;;;;
698;7;Horta-Guinardó;42. la Clota;-1;2007;;6,0;5,0;1,0;6,0;2,0;4,0;;;;
699;7;Horta-Guinardó;43. Horta;-1;2007;;224,0;132,0;92,0;310,0;153,0;157,0;;;;
700;8;Nou Barris;44. Vilapicina i la Torre Llobeta;-1;2007;;230,0;112,0;118,0;245,0;137,0;108,0;;;;
701;8;Nou Barris;45. Porta;-1;2007;;224,0;104,0;120,0;263,0;135,0;128,0;;;;
702;8;Nou Barris;46. el Turó de la Peira;-1;2007;;140,0;65,0;75,0;177,0;101,0;76,0;;;;
703;8;Nou Barris;47. Can Peguera;-1;2007;;18,0;9,0;9,0;25,0;14,0;11,0;;;;
704;8;Nou Barris;48. la Guineueta;-1;2007;;115,0;46,0;69,0;184,0;100,0;84,0;;;;
705;8;Nou Barris;49. Canyelles;-1;2007;;45,0;26,0;19,0;62,0;38,0;24,0;;;;
706;8;Nou Barris;50. les Roquetes;-1;2007;;169,0;80,0;89,0;122,0;76,0;46,0;;;;
707;8;Nou Barris;51. Verdun;-1;2007;;127,0;53,0;74,0;132,0;65,0;67,0;;;;
708;8;Nou Barris;52. la Prosperitat;-1;2007;;261,0;135,0;126,0;230,0;138,0;92,0;;;;
709;8;Nou Barris;53. la Trinitat Nova;-1;2007;;74,0;38,0;36,0;109,0;58,0;51,0;;;;
710;8;Nou Barris;54. Torre Baró;-1;2007;;27,0;8,0;19,0;10,0;5,0;5,0;;;;
711;8;Nou Barris;55. Ciutat Meridiana;-1;2007;;155,0;83,0;72,0;65,0;35,0;30,0;;;;
712;8;Nou Barris;56. Vallbona;-1;2007;;16,0;8,0;8,0;23,0;8,0;15,0;;;;
713;9;Sant Andreu;57. la Trinitat Vella;-1;2007;;118,0;62,0;56,0;54,0;30,0;24,0;;;;
714;9;Sant Andreu;58. Baró de Viver;-1;2007;;28,0;15,0;13,0;28,0;17,0;11,0;;;;
715;9;Sant Andreu;59. el Bon Pastor;-1;2007;;163,0;85,0;78,0;92,0;42,0;50,0;;;;
716;9;Sant Andreu;60. Sant Andreu;-1;2007;;541,0;273,0;268,0;467,0;243,0;224,0;;;;
717;9;Sant Andreu;61. la Sagrera;-1;2007;;234,0;131,0;103,0;240,0;115,0;125,0;;;;
718;9;Sant Andreu;62. el Congrés i els Indians;-1;2007;;119,0;60,0;59,0;176,0;85,0;91,0;;;;
719;9;Sant Andreu;63. Navas;-1;2007;;183,0;102,0;81,0;188,0;100,0;88,0;;;;
720;10;Sant Martí;64. el Camp de l'Arpa del Clot;-1;2007;;332,0;172,0;160,0;377,0;195,0;182,0;;;;
721;10;Sant Martí;65. el Clot;-1;2007;;258,0;128,0;130,0;214,0;110,0;104,0;;;;
722;10;Sant Martí;66. el Parc i la Llacuna del Poblenou;-1;2007;;91,0;45,0;46,0;99,0;47,0;52,0;;;;
723;10;Sant Martí;67. la Vila Olímpica del Poblenou;-1;2007;;104,0;59,0;45,0;34,0;15,0;19,0;;;;
724;10;Sant Martí;68. el Poblenou;-1;2007;;360,0;197,0;163,0;259,0;114,0;145,0;;;;
725;10;Sant Martí;69. Diagonal Mar i el Front Marítim del Poblenou;-1;2007;;171,0;85,0;86,0;67,0;34,0;33,0;;;;
726;10;Sant Martí;70. el Besòs i el Maresme;-1;2007;;179,0;111,0;68,0;188,0;105,0;83,0;;;;
727;10;Sant Martí;71. Provençals del Poblenou;-1;2007;;185,0;90,0;95,0;161,0;87,0;74,0;;;;
728;10;Sant Martí;72. Sant Martí de Provençals;-1;2007;;237,0;122,0;115,0;274,0;143,0;131,0;;;;
729;10;Sant Martí;73. la Verneda i la Pau;-1;2007;;231,0;124,0;107,0;265,0;136,0;129,0;;;;
